10661911.com	第一方/不能拦	未判定	无已核实广告特征；静态字符串不能证明是广告或可拦截	classes7.dex:string@35019
2014021200003129.h5app.alipay.com	第一方/不能拦	未判定	无已核实广告特征；静态字符串不能证明是广告或可拦截	classes7.dex:string@94409
3g.163.com	第一方/不能拦	未判定	无已核实广告特征；静态字符串不能证明是广告或可拦截	classes4.dex:string@72965
4px.com	第一方/不能拦	未判定	无已核实广告特征；静态字符串不能证明是广告或可拦截	classes10.dex:string@17507
7calipay.com	第一方/不能拦	未判定	无已核实广告特征；静态字符串不能证明是广告或可拦截	classes7.dex:string@1725
8736h.com	第一方/不能拦	未判定	无已核实广告特征；静态字符串不能证明是广告或可拦截	classes4.dex:string@72965
a.9game.cn	第一方/不能拦	未判定	无已核实广告特征；静态字符串不能证明是广告或可拦截	classes4.dex:string@1424
a.alipayobjects.com	第一方/不能拦	未判定	无已核实广告特征；静态字符串不能证明是广告或可拦截	classes6.dex:string@34029
a.data	第一方/不能拦	未判定	无已核实广告特征；静态字符串不能证明是广告或可拦截	classes13.dex:string@61419
a.dd.alicdn.com	第一方/不能拦	未判定	无已核实广告特征；静态字符串不能证明是广告或可拦截	classes4.dex:string@28004
a.m.taobao.com	第一方/不能拦	未判定	无已核实广告特征；静态字符串不能证明是广告或可拦截	classes.dex:string@43196
a.m.tmall.com	第一方/不能拦	未判定	无已核实广告特征；静态字符串不能证明是广告或可拦截	classes4.dex:string@28007
a.tbcdn.cn	第一方/不能拦	未判定	无已核实广告特征；静态字符串不能证明是广告或可拦截	classes4.dex:string@28010
a312p.7906039.festivalatmos.click	第一方/不能拦	未判定	无已核实广告特征；静态字符串不能证明是广告或可拦截	classes10.dex:string@17821
ab.alipay.com	第一方/不能拦	未判定	无已核实广告特征；静态字符串不能证明是广告或可拦截	classes.dex:string@43197
abroad.apilocate.amap.com	第一方/不能拦	未判定	无已核实广告特征；静态字符串不能证明是广告或可拦截	classes10.dex:string@18492
abtest-daily.tmall.net	第一方/不能拦	未判定	无已核实广告特征；静态字符串不能证明是广告或可拦截	classes6.dex:string@56562
abtest.alibaba.com	第一方/不能拦	未判定	无已核实广告特征；静态字符串不能证明是广告或可拦截	classes6.dex:string@56604
accs.zip	第一方/不能拦	未判定	无已核实广告特征；静态字符串不能证明是广告或可拦截	classes10.dex:string@18746
accscdn.m.taobao.com	第一方/不能拦	未判定	无已核实广告特征；静态字符串不能证明是广告或可拦截	classes10.dex:string@18767
acs-ru.cainiao.com	第一方/不能拦	未判定	无已核实广告特征；静态字符串不能证明是广告或可拦截	classes9.dex:string@27093
acs-ru.wapa.cainiao.com	第一方/不能拦	未判定	无已核实广告特征；静态字符串不能证明是广告或可拦截	classes9.dex:string@27094
acs.m.taobao.com	第一方/不能拦	未判定	无已核实广告特征；静态字符串不能证明是广告或可拦截	classes.dex:string@29868
acs.wapa.cainiao.com	第一方/不能拦	未判定	无已核实广告特征；静态字符串不能证明是广告或可拦截	classes10.dex:string@18789
acs.wapa.taobao.com	第一方/不能拦	未判定	无已核实广告特征；静态字符串不能证明是广告或可拦截	classes.dex:string@29869
acs.waptest.taobao.com	第一方/不能拦	未判定	无已核实广告特征；静态字符串不能证明是广告或可拦截	classes.dex:string@29870
act.aligames.com	第一方/不能拦	未判定	无已核实广告特征；静态字符串不能证明是广告或可拦截	classes4.dex:string@1424
act.quark.cn	第一方/不能拦	未判定	无已核实广告特征；静态字符串不能证明是广告或可拦截	classes4.dex:string@1424
activity-quark.sm.cn	第一方/不能拦	未判定	无已核实广告特征；静态字符串不能证明是广告或可拦截	classes4.dex:string@1424
activity.name	第一方/不能拦	未判定	无已核实广告特征；静态字符串不能证明是广告或可拦截	classes7.dex:string@37675
activity.vmate.in	第一方/不能拦	未判定	无已核实广告特征；静态字符串不能证明是广告或可拦截	classes4.dex:string@1424
activitytest.vmate.in	第一方/不能拦	未判定	无已核实广告特征；静态字符串不能证明是广告或可拦截	classes4.dex:string@1424
actvideo.uc.cn	第一方/不能拦	未判定	无已核实广告特征；静态字符串不能证明是广告或可拦截	classes4.dex:string@1424
ad.toutiao.com	疑似	未知 SDK	广告词 ad；未命中已核实特征	classes13.dex:string@2214
adash-emas.cn-hangzhou.aliyuncs.com	第一方/不能拦	未判定	无已核实广告特征；静态字符串不能证明是广告或可拦截	classes6.dex:string@35045
adash.emas-ha.cn	第一方/不能拦	未判定	无已核实广告特征；静态字符串不能证明是广告或可拦截	classes4.dex:string@29092
adash.m.taobao.com	第一方/不能拦	未判定	无已核实广告特征；静态字符串不能证明是广告或可拦截	classes6.dex:string@56563
adashx.m.taobao.com	第一方/不能拦	未判定	无已核实广告特征；静态字符串不能证明是广告或可拦截	classes.dex:string@29995
adashx.ut.cainiao.com	第一方/不能拦	未判定	无已核实广告特征；静态字符串不能证明是广告或可拦截	classes10.dex:string@19065
adiu.amap.com	第一方/不能拦	未判定	无已核实广告特征；静态字符串不能证明是广告或可拦截	classes8.dex:string@38092
adv.show	第一方/不能拦	未判定	无已核实广告特征；静态字符串不能证明是广告或可拦截	classes11.dex:string@6443
adx-cfg-u1.ubixioe.com	确认广告域名	Ubix	精确主机 adx-cfg-u1.ubixioe.com；本任务人工确认列表（精确主机）	classes4.dex:string@46954
adx-data-u1.ubixioe.com	确认广告域名	Ubix	精确主机 adx-data-u1.ubixioe.com；本任务人工确认列表（精确主机）	classes4.dex:string@46955
ag.alicdn.com	第一方/不能拦	未判定	无已核实广告特征；静态字符串不能证明是广告或可拦截	classes4.dex:string@29436
agooreporthelper.report	第一方/不能拦	未判定	无已核实广告特征；静态字符串不能证明是广告或可拦截	classes10.dex:string@5076
alchemy-img.alicdn.com	第一方/不能拦	未判定	无已核实广告特征；静态字符串不能证明是广告或可拦截	classes4.dex:string@29482
algo.open	第一方/不能拦	未判定	无已核实广告特征；静态字符串不能证明是广告或可拦截	classes6.dex:string@36025
ali.imlaidian.com	第一方/不能拦	未判定	无已核实广告特征；静态字符串不能证明是广告或可拦截	classes7.dex:string@38493
ali.wosms.cn	第一方/不能拦	未判定	无已核实广告特征；静态字符串不能证明是广告或可拦截	classes4.dex:string@29498
alibaba.com	第一方/不能拦	未判定	无已核实广告特征；静态字符串不能证明是广告或可拦截	classes.dex:string@30505
alicdn.com	第一方/不能拦	未判定	无已核实广告特征；静态字符串不能证明是广告或可拦截	classes6.dex:string@36116
alipay-dl.django.t.taobao.com	第一方/不能拦	未判定	无已核实广告特征；静态字符串不能证明是广告或可拦截	classes6.dex:string@36136
alipay-rmsdeploy-image.cn-hangzhou.alipay.aliyun-inc.com	第一方/不能拦	未判定	无已核实广告特征；静态字符串不能证明是广告或可拦截	classes7.dex:string@61645
alipay.com	第一方/不能拦	未判定	无已核实广告特征；静态字符串不能证明是广告或可拦截	classes6.dex:string@36139
alipay.dl.django.t.taobao.com	第一方/不能拦	未判定	无已核实广告特征；静态字符串不能证明是广告或可拦截	classes6.dex:string@36140
alipay.kylinbridge	第一方/不能拦	未判定	无已核实广告特征；静态字符串不能证明是广告或可拦截	classes6.dex:string@56606
alipay.mobileaec.event.report	第一方/不能拦	未判定	无已核实广告特征；静态字符串不能证明是广告或可拦截	classes7.dex:string@38643
alipay.net	第一方/不能拦	未判定	无已核实广告特征；静态字符串不能证明是广告或可拦截	classes7.dex:string@38670
alipay.openservice.pkgcore.developpackage.download	第一方/不能拦	未判定	无已核实广告特征；静态字符串不能证明是广告或可拦截	classes7.dex:string@38674
alipay.security.vkeydfp.staticdata.report	第一方/不能拦	未判定	无已核实广告特征；静态字符串不能证明是广告或可拦截	classes7.dex:string@38679
alipay.shopminiapp.industry.write.express	第一方/不能拦	未判定	无已核实广告特征；静态字符串不能证明是广告或可拦截	classes.dex:string@30526
alipay.up.django.t.taobao.com	第一方/不能拦	未判定	无已核实广告特征；静态字符串不能证明是广告或可拦截	classes6.dex:string@36158
alipay.worker.com	第一方/不能拦	未判定	无已核实广告特征；静态字符串不能证明是广告或可拦截	classes13.dex:string@41387
alipayjsbridge.call	第一方/不能拦	未判定	无已核实广告特征；静态字符串不能证明是广告或可拦截	classes7.dex:string@6373
alipayobjects.com	第一方/不能拦	未判定	无已核实广告特征；静态字符串不能证明是广告或可拦截	classes6.dex:string@36187
aliyun-inc.com	第一方/不能拦	未判定	无已核实广告特征；静态字符串不能证明是广告或可拦截	classes6.dex:string@36870
aliyun.com	第一方/不能拦	未判定	无已核实广告特征；静态字符串不能证明是广告或可拦截	classes6.dex:string@36872
aliyuncs.com	第一方/不能拦	未判定	无已核实广告特征；静态字符串不能证明是广告或可拦截	classes6.dex:string@36875
allimageelements.map	第一方/不能拦	未判定	无已核实广告特征；静态字符串不能证明是广告或可拦截	classes7.dex:string@1894
alpha.alicdn.com	第一方/不能拦	未判定	无已核实广告特征；静态字符串不能证明是广告或可拦截	classes4.dex:string@30310
amap.privacy.data	第一方/不能拦	未判定	无已核实广告特征；静态字符串不能证明是广告或可拦截	classes8.dex:string@2674
amdc.alipay.com	第一方/不能拦	未判定	无已核实广告特征；静态字符串不能证明是广告或可拦截	classes7.dex:string@39569
amdc.m.taobao.com	第一方/不能拦	未判定	无已核实广告特征；静态字符串不能证明是广告或可拦截	classes.dex:string@31213
amdc.taobao.net	第一方/不能拦	未判定	无已核实广告特征；静态字符串不能证明是广告或可拦截	classes.dex:string@31214
amdc.wapa.taobao.com	第一方/不能拦	未判定	无已核实广告特征；静态字符串不能证明是广告或可拦截	classes.dex:string@31215
analy.qq.com	第一方/不能拦	未判定	无已核实广告特征；静态字符串不能证明是广告或可拦截	classes4.dex:string@30449
antcanvas.so	第一方/不能拦	未判定	无已核实广告特征；静态字符串不能证明是广告或可拦截	classes7.dex:string@8523
ap.data	第一方/不能拦	未判定	无已核实广告特征；静态字符串不能证明是广告或可拦截	classes8.dex:string@26245
ap1.data	第一方/不能拦	未判定	无已核实广告特征；静态字符串不能证明是广告或可拦截	classes8.dex:string@26246
apache.org	第一方/不能拦	未判定	无已核实广告特征；静态字符串不能证明是广告或可拦截	classes7.dex:string@61647
api-access.pangolin-sdk-toutiao-b.com	确认广告域名	穿山甲/字节广告	专用域后缀 pangolin-sdk-toutiao-b.com；core-rules/PLAN.md Task 3、standard_domains.txt 的 AD_SDK 种子	classes8.dex:string@26256
api-access.pangolin-sdk-toutiao.com	确认广告域名	穿山甲/字节广告	专用域后缀 pangolin-sdk-toutiao.com；core-rules/PLAN.md Task 3、standard_domains.txt 的 AD_SDK 种子	classes8.dex:string@26257
api-access.pangolin-sdk-toutiao1.com	疑似	穿山甲/字节广告	未核实域名关键词 pangolin；不自动拦截	classes8.dex:string@26258
api-daily.django.alibaba.net	第一方/不能拦	未判定	无已核实广告特征；静态字符串不能证明是广告或可拦截	classes6.dex:string@37567
api-e189.21cn.com	第一方/不能拦	未判定	无已核实广告特征；静态字符串不能证明是广告或可拦截	classes12.dex:string@50181
api-mayi.django.t.taobao.com	第一方/不能拦	未判定	无已核实广告特征；静态字符串不能证明是广告或可拦截	classes6.dex:string@37568
api-prepub.django.t.taobao.com	第一方/不能拦	未判定	无已核实广告特征；静态字符串不能证明是广告或可拦截	classes6.dex:string@37569
api-push.in.meizu.com	第一方/不能拦	未判定	无已核实广告特征；静态字符串不能证明是广告或可拦截	classes5.dex:string@31735
api-push.meizu.com	第一方/不能拦	未判定	无已核实广告特征；静态字符串不能证明是广告或可拦截	classes5.dex:string@31737
api.django.t.taobao.com	第一方/不能拦	未判定	无已核实广告特征；静态字符串不能证明是广告或可拦截	classes6.dex:string@37570
api.foursquare.com	第一方/不能拦	未判定	无已核实广告特征；静态字符串不能证明是广告或可拦截	classes7.dex:string@61730
api.open.uc.cn	第一方/不能拦	未判定	无已核实广告特征；静态字符串不能证明是广告或可拦截	classes.dex:string@43247
api.waptest2nd.taobao.com	第一方/不能拦	未判定	无已核实广告特征；静态字符串不能证明是广告或可拦截	classes3.dex:string@24347
api.weibo.cn	第一方/不能拦	未判定	无已核实广告特征；静态字符串不能证明是广告或可拦截	classes13.dex:string@41369
api.weibo.com	第一方/不能拦	未判定	无已核实广告特征；静态字符串不能证明是广告或可拦截	classes9.dex:string@48570
api.youku.com	第一方/不能拦	未判定	无已核实广告特征；静态字符串不能证明是广告或可拦截	classes5.dex:string@20217
api3.do	第一方/不能拦	未判定	无已核实广告特征；静态字符串不能证明是广告或可拦截	classes.dex:string@1880
apiinit.amap.com	第一方/不能拦	未判定	无已核实广告特征；静态字符串不能证明是广告或可拦截	classes8.dex:string@38044
apilocate.amap.com	第一方/不能拦	未判定	无已核实广告特征；静态字符串不能证明是广告或可拦截	classes10.dex:string@20586
apmplus.volces.com	第一方/不能拦	未判定	无已核实广告特征；静态字符串不能证明是广告或可拦截	classes8.dex:string@38096
app.chat.global.xiaomi.net	第一方/不能拦	未判定	无已核实广告特征；静态字符串不能证明是广告或可拦截	classes4.dex:string@30730
app.chat.xiaomi.net	第一方/不能拦	未判定	无已核实广告特征；静态字符串不能证明是广告或可拦截	classes4.dex:string@30731
appact.qzone.qq.com	第一方/不能拦	未判定	无已核实广告特征；静态字符串不能证明是广告或可拦截	classes4.dex:string@46883
appdownload.alicdn.com	第一方/不能拦	未判定	无已核实广告特征；静态字符串不能证明是广告或可拦截	classes10.dex:string@17512
appic.qq.com	第一方/不能拦	未判定	无已核实广告特征；静态字符串不能证明是广告或可拦截	classes4.dex:string@30824
applog.bytedance.net	第一方/不能拦	未判定	无已核实广告特征；静态字符串不能证明是广告或可拦截	classes8.dex:string@26376
applog.lc.quark.cn	第一方/不能拦	未判定	无已核实广告特征；静态字符串不能证明是广告或可拦截	classes4.dex:string@46956
applog.snssdk.com	第一方/不能拦	未判定	无已核实广告特征；静态字符串不能证明是广告或可拦截	classes8.dex:string@38098
applog.uc.cn	第一方/不能拦	未判定	无已核实广告特征；静态字符串不能证明是广告或可拦截	classes4.dex:string@46957
apps.bytesfield-b.com	第一方/不能拦	未判定	无已核实广告特征；静态字符串不能证明是广告或可拦截	classes13.dex:string@41392
apps.bytesfield.com	第一方/不能拦	未判定	无已核实广告特征；静态字符串不能证明是广告或可拦截	classes8.dex:string@26394
apps.oceanengine.com	第一方/不能拦	未判定	无已核实广告特征；静态字符串不能证明是广告或可拦截	classes13.dex:string@41394
appstoreisvpic.alipayobjects.com	第一方/不能拦	未判定	无已核实广告特征；静态字符串不能证明是广告或可拦截	classes7.dex:string@40413
appsupport.qq.com	第一方/不能拦	未判定	无已核实广告特征；静态字符串不能证明是广告或可拦截	classes4.dex:string@30869
aquic.alipay.com	第一方/不能拦	未判定	无已核实广告特征；静态字符串不能证明是广告或可拦截	classes7.dex:string@40447
ar.uc.cn	第一方/不能拦	未判定	无已核实广告特征；静态字符串不能证明是广告或可拦截	classes4.dex:string@1424
arplatform.alicdn.com	第一方/不能拦	未判定	无已核实广告特征；静态字符串不能证明是广告或可拦截	classes6.dex:string@56619
arup.alibaba.com	第一方/不能拦	未判定	无已核实广告特征；静态字符串不能证明是广告或可拦截	classes5.dex:string@20368
arup.m.taobao.com	第一方/不能拦	未判定	无已核实广告特征；静态字符串不能证明是广告或可拦截	classes4.dex:string@30999
as.alipayobjects.com	第一方/不能拦	未判定	无已核实广告特征；静态字符串不能证明是广告或可拦截	classes7.dex:string@40548
assets.alicdn.com	第一方/不能拦	未判定	无已核实广告特征；静态字符串不能证明是广告或可拦截	classes4.dex:string@31058
at.alicdn.com	第一方/不能拦	未判定	无已核实广告特征；静态字符串不能证明是广告或可拦截	classes7.dex:string@59089
audid-api.taobao.com	第一方/不能拦	未判定	无已核实广告特征；静态字符串不能证明是广告或可拦截	classes13.dex:string@41398
auth.wosms.cn	第一方/不能拦	未判定	无已核实广告特征；静态字符串不能证明是广告或可拦截	classes4.dex:string@31295
auth.wpk.quark.cn	第一方/不能拦	未判定	无已核实广告特征；静态字符串不能证明是广告或可拦截	classes4.dex:string@46958
authweb.alipay.com	第一方/不能拦	未判定	无已核实广告特征；静态字符串不能证明是广告或可拦截	classes.dex:string@43249
b.quark.cn	第一方/不能拦	未判定	无已核实广告特征；静态字符串不能证明是广告或可拦截	classes4.dex:string@1424
b.tbcdn.cn	第一方/不能拦	未判定	无已核实广告特征；静态字符串不能证明是广告或可拦截	classes4.dex:string@31465
baike.baidu.com	第一方/不能拦	百度第一方/共享服务	受保护主域；可能用于登录、网盘、下载或共享存储，不能整域拦截	classes4.dex:string@55926
baseoutdo.data	第一方/不能拦	未判定	无已核实广告特征；静态字符串不能证明是广告或可拦截	classes9.dex:string@31210
bcl0.uc.cn	第一方/不能拦	未判定	无已核实广告特征；静态字符串不能证明是广告或可拦截	classes4.dex:string@1424
bcl1.uc.cn	第一方/不能拦	未判定	无已核实广告特征；静态字符串不能证明是广告或可拦截	classes4.dex:string@1424
bcl2.uc.cn	第一方/不能拦	未判定	无已核实广告特征；静态字符串不能证明是广告或可拦截	classes4.dex:string@1424
bcl3.uc.cn	第一方/不能拦	未判定	无已核实广告特征；静态字符串不能证明是广告或可拦截	classes4.dex:string@1424
bclact.uc.cn	第一方/不能拦	未判定	无已核实广告特征；静态字符串不能证明是广告或可拦截	classes4.dex:string@1424
bigdecimal.one	第一方/不能拦	未判定	无已核实广告特征；静态字符串不能证明是广告或可拦截	classes11.dex:string@43998
biginteger.one	第一方/不能拦	未判定	无已核实广告特征；静态字符串不能证明是广告或可拦截	classes11.dex:string@43999
bilibili.com	第一方/不能拦	未判定	无已核实广告特征；静态字符串不能证明是广告或可拦截	classes4.dex:string@1424
bitmap.info	第一方/不能拦	未判定	无已核实广告特征；静态字符串不能证明是广告或可拦截	classes7.dex:string@2198
bizcommon.alicdn.com	第一方/不能拦	未判定	无已核实广告特征；静态字符串不能证明是广告或可拦截	classes7.dex:string@61734
bkmobilegw.mybank.cn	第一方/不能拦	未判定	无已核实广告特征；静态字符串不能证明是广告或可拦截	classes7.dex:string@41739
bktile.data	第一方/不能拦	未判定	无已核实广告特征；静态字符串不能证明是广告或可拦截	classes8.dex:string@27366
bluetooth.at	第一方/不能拦	未判定	无已核实广告特征；静态字符串不能证明是广告或可拦截	classes7.dex:string@41810
br.quark.cn	第一方/不能拦	未判定	无已核实广告特征；静态字符串不能证明是广告或可拦截	classes4.dex:string@1424
broccoli.uc.cn	第一方/不能拦	未判定	无已核实广告特征；静态字符串不能证明是广告或可拦截	classes4.dex:string@1424
bugme.cfg	第一方/不能拦	未判定	无已核实广告特征；静态字符串不能证明是广告或可拦截	classes7.dex:string@61735
builder.build	第一方/不能拦	未判定	无已核实广告特征；静态字符串不能证明是广告或可拦截	classes2.dex:string@29118
builder.name	第一方/不能拦	未判定	无已核实广告特征；静态字符串不能证明是广告或可拦截	classes3.dex:string@26455
bundle.zip	第一方/不能拦	未判定	无已核实广告特征；静态字符串不能证明是广告或可拦截	classes9.dex:string@32951
c-adash.m.taobao.com	第一方/不能拦	未判定	无已核实广告特征；静态字符串不能证明是广告或可拦截	classes6.dex:string@56565
c.isdspeed.qq.com	第一方/不能拦	未判定	无已核实广告特征；静态字符串不能证明是广告或可拦截	classes4.dex:string@46886
c2.android	第一方/不能拦	未判定	无已核实广告特征；静态字符串不能证明是广告或可拦截	classes8.dex:string@27817
c3x.me	第一方/不能拦	未判定	无已核实广告特征；静态字符串不能证明是广告或可拦截	classes7.dex:string@61648
cabinet.cainiao.com	第一方/不能拦	未判定	无已核实广告特征；静态字符串不能证明是广告或可拦截	classes4.dex:string@33605
cache.save	第一方/不能拦	未判定	无已核实广告特征；静态字符串不能证明是广告或可拦截	classes6.dex:string@40284
cainiao.com	第一方/不能拦	未判定	无已核实广告特征；静态字符串不能证明是广告或可拦截	classes2.dex:string@29586
cainiao.station.turnstile	第一方/不能拦	未判定	无已核实广告特征；静态字符串不能证明是广告或可拦截	classes10.dex:string@17517
camera.open	第一方/不能拦	未判定	无已核实广告特征；静态字符串不能证明是广告或可拦截	classes8.dex:string@247
campaign.wandoujia.com	第一方/不能拦	未判定	无已核实广告特征；静态字符串不能证明是广告或可拦截	classes4.dex:string@1424
cbu01.alicdn.com	第一方/不能拦	未判定	无已核实广告特征；静态字符串不能证明是广告或可拦截	classes4.dex:string@34090
ccdcapi.alipay.com	第一方/不能拦	未判定	无已核实广告特征；静态字符串不能证明是广告或可拦截	classes7.dex:string@61736
cdn-mum.alibabachengdun.com	第一方/不能拦	未判定	无已核实广告特征；静态字符串不能证明是广告或可拦截	classes6.dex:string@56566
cdn-tos-cn.bytedance.net	第一方/不能拦	未判定	无已核实广告特征；静态字符串不能证明是广告或可拦截	classes8.dex:string@38100
cdn.litetao.taobao.com	第一方/不能拦	未判定	无已核实广告特征；静态字符串不能证明是广告或可拦截	classes10.dex:string@17512
cdnrefresh.ctdidcii.cn	第一方/不能拦	未判定	无已核实广告特征；静态字符串不能证明是广告或可拦截	classes6.dex:string@56620
cgi.connect.qq.com	第一方/不能拦	未判定	无已核实广告特征；静态字符串不能证明是广告或可拦截	classes4.dex:string@46887
cgi.qplus.com	第一方/不能拦	未判定	无已核实广告特征；静态字符串不能证明是广告或可拦截	classes4.dex:string@46888
cgicol.amap.com	第一方/不能拦	未判定	无已核实广告特征；静态字符串不能证明是广告或可拦截	classes10.dex:string@24326
channel-acs.m.taobao.com	第一方/不能拦	未判定	无已核实广告特征；静态字符串不能证明是广告或可拦截	classes4.dex:string@34358
channel-acs.wapa.taobao.com	第一方/不能拦	未判定	无已核实广告特征；静态字符串不能证明是广告或可拦截	classes4.dex:string@34359
channel-acs.waptest.taobao.com	第一方/不能拦	未判定	无已核实广告特征；静态字符串不能证明是广告或可拦截	classes4.dex:string@34360
china.custom.select.data	第一方/不能拦	未判定	无已核实广告特征；静态字符串不能证明是广告或可拦截	classes6.dex:string@3428
china.data	第一方/不能拦	未判定	无已核实广告特征；静态字符串不能证明是广告或可拦截	classes6.dex:string@3429
class.java	第一方/不能拦	未判定	无已核实广告特征；静态字符串不能证明是广告或可拦截	classes2.dex:string@22743
class.java.name	第一方/不能拦	未判定	无已核实广告特征；静态字符串不能证明是广告或可拦截	classes9.dex:string@27202
class.name	第一方/不能拦	未判定	无已核实广告特征；静态字符串不能证明是广告或可拦截	classes13.dex:string@8669
classdescriptor.name	第一方/不能拦	未判定	无已核实广告特征；静态字符串不能证明是广告或可拦截	classes3.dex:string@27730
classifier.name	第一方/不能拦	未判定	无已核实广告特征；静态字符串不能证明是广告或可拦截	classes3.dex:string@27781
click.mz.simba.taobao.com	第一方/不能拦	未判定	无已核实广告特征；静态字符串不能证明是广告或可拦截	classes4.dex:string@34902
click.tanx.com	第一方/不能拦	未判定	无已核实广告特征；静态字符串不能证明是广告或可拦截	classes5.dex:string@24000
clientrect.top	第一方/不能拦	未判定	无已核实广告特征；静态字符串不能证明是广告或可拦截	classes7.dex:string@1894
clientsc.alipay.com	第一方/不能拦	未判定	无已核实广告特征；静态字符串不能证明是广告或可拦截	classes7.dex:string@61737
cloud.video.taobao.com	第一方/不能拦	未判定	无已核实广告特征；静态字符串不能证明是广告或可拦截	classes7.dex:string@61738
clz.name	第一方/不能拦	未判定	无已核实广告特征；静态字符串不能证明是广告或可拦截	classes9.dex:string@34874
cmd.data	第一方/不能拦	未判定	无已核实广告特征；静态字符串不能证明是广告或可拦截	classes7.dex:string@46689
cn-account-product.oss-cn-zhangjiakou.aliyuncs.com	第一方/不能拦	未判定	无已核实广告特征；静态字符串不能证明是广告或可拦截	classes2.dex:string@46817
cn-acs.m.cainiao.com	第一方/不能拦	未判定	无已核实广告特征；静态字符串不能证明是广告或可拦截	classes10.dex:string@25061
cn-hangzhou-mproxy.cloud.alipay.com	第一方/不能拦	未判定	无已核实广告特征；静态字符串不能证明是广告或可拦截	classes12.dex:string@69967
cn-hangzhou.log.aliyuncs.com	第一方/不能拦	未判定	无已核实广告特征；静态字符串不能证明是广告或可拦截	classes9.dex:string@34880
cn-unit-acs.m.cainiao.com	第一方/不能拦	未判定	无已核实广告特征；静态字符串不能证明是广告或可拦截	classes9.dex:string@34881
cn-wulanchabu.log.aliyuncs.com	第一方/不能拦	未判定	无已核实广告特征；静态字符串不能证明是广告或可拦截	classes10.dex:string@25062
cn-zhangjiakou.log.aliyuncs.com	第一方/不能拦	未判定	无已核实广告特征；静态字符串不能证明是广告或可拦截	classes10.dex:string@25063
cn.alicdn.com	第一方/不能拦	未判定	无已核实广告特征；静态字符串不能证明是广告或可拦截	classes9.dex:string@48571
cn.app.chat.xiaomi.net	第一方/不能拦	未判定	无已核实广告特征；静态字符串不能证明是广告或可拦截	classes4.dex:string@35034
cn.google.services	第一方/不能拦	未判定	无已核实广告特征；静态字符串不能证明是广告或可拦截	classes9.dex:string@34882
cn.nubia.identity	第一方/不能拦	未判定	无已核实广告特征；静态字符串不能证明是广告或可拦截	classes2.dex:string@32962
cn.nubia.provider.deviceid.dataid	第一方/不能拦	未判定	无已核实广告特征；静态字符串不能证明是广告或可拦截	classes6.dex:string@43807
cn.register.xmpush.xiaomi.com	第一方/不能拦	未判定	无已核实广告特征；静态字符串不能证明是广告或可拦截	classes4.dex:string@46959
cnlogin.cainiao.com	第一方/不能拦	未判定	无已核实广告特征；静态字符串不能证明是广告或可拦截	classes9.dex:string@48572
codereader.seek	第一方/不能拦	未判定	无已核实广告特征；静态字符串不能证明是广告或可拦截	classes3.dex:string@6466
com.alipay.ali.authlogin	第一方/不能拦	未判定	无已核实广告特征；静态字符串不能证明是广告或可拦截	classes6.dex:string@43808
com.alipay.android.app.settings.data.serverprovider	第一方/不能拦	未判定	无已核实广告特征；静态字符串不能证明是广告或可拦截	classes7.dex:string@47175
com.alipay.setting	第一方/不能拦	未判定	无已核实广告特征；静态字符串不能证明是广告或可拦截	classes6.dex:string@43809
com.android.badge	第一方/不能拦	未判定	无已核实广告特征；静态字符串不能证明是广告或可拦截	classes5.dex:string@24722
com.android.contacts	第一方/不能拦	未判定	无已核实广告特征；静态字符串不能证明是广告或可拦截	classes.dex:string@34835
com.cainiao.cnloginsdk.recognize	第一方/不能拦	未判定	无已核实广告特征；静态字符串不能证明是广告或可拦截	classes5.dex:string@24211
com.heytap.market.trackprovider	第一方/不能拦	未判定	无已核实广告特征；静态字符串不能证明是广告或可拦截	classes5.dex:string@24723
com.hihonor.android.launcher.settings	第一方/不能拦	未判定	无已核实广告特征；静态字符串不能证明是广告或可拦截	classes5.dex:string@24724
com.hihonor.android.pushagent.provider.messageboxprovider	第一方/不能拦	未判定	无已核实广告特征；静态字符串不能证明是广告或可拦截	classes2.dex:string@32963
com.hihonor.appmarket.commondata	第一方/不能拦	未判定	无已核实广告特征；静态字符串不能证明是广告或可拦截	classes5.dex:string@24725
com.huawei.android.launcher.settings	第一方/不能拦	未判定	无已核实广告特征；静态字符串不能证明是广告或可拦截	classes5.dex:string@24726
com.huawei.appmarket.commondata	第一方/不能拦	未判定	无已核实广告特征；静态字符串不能证明是广告或可拦截	classes5.dex:string@24727
com.huawei.hwid	第一方/不能拦	未判定	无已核实广告特征；静态字符串不能证明是广告或可拦截	classes5.dex:string@24728
com.meizu.flyme.openidsdk	第一方/不能拦	未判定	无已核实广告特征；静态字符串不能证明是广告或可拦截	classes4.dex:string@37192
com.sec.badge	第一方/不能拦	未判定	无已核实广告特征；静态字符串不能证明是广告或可拦截	classes5.dex:string@24729
com.sonymobile.home.resourceprovider	第一方/不能拦	未判定	无已核实广告特征；静态字符串不能证明是广告或可拦截	classes5.dex:string@24730
com.tencent.mm.sdk.comm.provider	第一方/不能拦	未判定	无已核实广告特征；静态字符串不能证明是广告或可拦截	classes4.dex:string@37193
com.tencent.mm.sdk.plugin.provider	第一方/不能拦	未判定	无已核实广告特征；静态字符串不能证明是广告或可拦截	classes4.dex:string@37221
com.teslacoilsw.notifier	第一方/不能拦	未判定	无已核实广告特征；静态字符串不能证明是广告或可拦截	classes5.dex:string@24732
com.vivo.abe.exidentifier	第一方/不能拦	未判定	无已核实广告特征；静态字符串不能证明是广告或可拦截	classes4.dex:string@37222
com.vivo.permissionmanager.provider.permission	第一方/不能拦	未判定	无已核实广告特征；静态字符串不能证明是广告或可拦截	classes10.dex:string@27316
com.vivo.push.sdk.service.systempushconfig	第一方/不能拦	未判定	无已核实广告特征；静态字符串不能证明是广告或可拦截	classes4.dex:string@37223
com.vivo.vms.idprovider	第一方/不能拦	未判定	无已核实广告特征；静态字符串不能证明是广告或可拦截	classes4.dex:string@37227
com.xiaomi.market.provider.directmailprovider	第一方/不能拦	未判定	无已核实广告特征；静态字符串不能证明是广告或可拦截	classes5.dex:string@24742
com.xiaomi.push.providers.trafficprovider	第一方/不能拦	未判定	无已核实广告特征；静态字符串不能证明是广告或可拦截	classes4.dex:string@37236
commons.apache.org	第一方/不能拦	未判定	无已核实广告特征；静态字符串不能证明是广告或可拦截	classes5.dex:string@584
config2.cmpassport.com	第一方/不能拦	未判定	无已核实广告特征；静态字符串不能证明是广告或可拦截	classes12.dex:string@35624
containingdeclaration.name	第一方/不能拦	未判定	无已核实广告特征；静态字符串不能证明是广告或可拦截	classes3.dex:string@29140
coub.com	第一方/不能拦	未判定	无已核实广告特征；静态字符串不能证明是广告或可拦截	classes4.dex:string@1424
cschannel.alipay.com	第一方/不能拦	未判定	无已核实广告特征；静态字符串不能证明是广告或可拦截	classes7.dex:string@61739
csmobile.alipay.com	第一方/不能拦	未判定	无已核实广告特征；静态字符串不能证明是广告或可拦截	classes6.dex:string@56621
cube.elemecdn.com	第一方/不能拦	未判定	无已核实广告特征；静态字符串不能证明是广告或可拦截	classes6.dex:string@44672
cubexrenderdatahelper.bi	第一方/不能拦	未判定	无已核实广告特征；静态字符串不能证明是广告或可拦截	classes2.dex:string@8292
currentclass.name	第一方/不能拦	未判定	无已核实广告特征；静态字符串不能证明是广告或可拦截	classes13.dex:string@8668
cursor.id	第一方/不能拦	未判定	无已核实广告特征；静态字符串不能证明是广告或可拦截	classes5.dex:string@323
d.alicdn.com	第一方/不能拦	未判定	无已核实广告特征；静态字符串不能证明是广告或可拦截	classes7.dex:string@59089
d.alipay.com	第一方/不能拦	未判定	无已核实广告特征；静态字符串不能证明是广告或可拦截	classes2.dex:string@46818
daily-down-impaas.dingtalk.com	第一方/不能拦	未判定	无已核实广告特征；静态字符串不能证明是广告或可拦截	classes2.dex:string@46819
daily.arup.m.alibaba.net	第一方/不能拦	未判定	无已核实广告特征；静态字符串不能证明是广告或可拦截	classes4.dex:string@38650
damai.cn	第一方/不能拦	未判定	无已核实广告特征；静态字符串不能证明是广告或可拦截	classes.dex:string@983
data.so	第一方/不能拦	未判定	无已核实广告特征；静态字符串不能证明是广告或可拦截	classes2.dex:string@54936
datalab.orange	第一方/不能拦	未判定	无已核实广告特征；静态字符串不能证明是广告或可拦截	classes6.dex:string@9398
datarowdo.data	第一方/不能拦	未判定	无已核实广告特征；静态字符串不能证明是广告或可拦截	classes9.dex:string@8343
dataservice.alipayobjects.com	第一方/不能拦	未判定	无已核实广告特征；静态字符串不能证明是广告或可拦截	classes13.dex:string@21949
ddrk.me	第一方/不能拦	未判定	无已核实广告特征；静态字符串不能证明是广告或可拦截	classes4.dex:string@1424
debug.ad.request.data	疑似	未知 SDK	广告词 ad；未命中已核实特征	classes5.dex:string@25727
debug.crs	第一方/不能拦	未判定	无已核实广告特征；静态字符串不能证明是广告或可拦截	classes4.dex:string@38810
default-mimetypes.properties	第一方/不能拦	未判定	无已核实广告特征；静态字符串不能证明是广告或可拦截	classes5.dex:string@15072
descriptor.name	第一方/不能拦	未判定	无已核实广告特征；静态字符串不能证明是广告或可拦截	classes3.dex:string@7204
detail.m.tmall.com	第一方/不能拦	未判定	无已核实广告特征；静态字符串不能证明是广告或可拦截	classes5.dex:string@31742
detail.tmall.com	第一方/不能拦	未判定	无已核实广告特征；静态字符串不能证明是广告或可拦截	classes9.dex:string@24671
developer.android.com	第一方/不能拦	未判定	无已核实广告特征；静态字符串不能证明是广告或可拦截	classes.dex:string@136
device.channel	第一方/不能拦	未判定	无已核实广告特征；静态字符串不能证明是广告或可拦截	classes6.dex:string@45858
dialog.show	第一方/不能拦	未判定	无已核实广告特征；静态字符串不能证明是广告或可拦截	classes10.dex:string@29385
dialogbuilder.build	第一方/不能拦	未判定	无已核实广告特征；静态字符串不能证明是广告或可拦截	classes11.dex:string@24060
dinamicx.alibabausercontent.com	第一方/不能拦	未判定	无已核实广告特征；静态字符串不能证明是广告或可拦截	classes5.dex:string@31743
dispatchers.io	第一方/不能拦	未判定	无已核实广告特征；静态字符串不能证明是广告或可拦截	classes3.dex:string@6742
dl-daily.django.alibaba.net	第一方/不能拦	未判定	无已核实广告特征；静态字符串不能证明是广告或可拦截	classes6.dex:string@46280
dl-prepub.django.t.taobao.com	第一方/不能拦	未判定	无已核实广告特征；静态字符串不能证明是广告或可拦截	classes6.dex:string@46281
dl-sh.django.t.taobao.com	第一方/不能拦	未判定	无已核实广告特征；静态字符串不能证明是广告或可拦截	classes7.dex:string@49647
dl.django.t.taobao.com	第一方/不能拦	未判定	无已核实广告特征；静态字符串不能证明是广告或可拦截	classes6.dex:string@46282
dnsinfo.host	第一方/不能拦	未判定	无已核实广告特征；静态字符串不能证明是广告或可拦截	classes.dex:string@36476
do.not.touch.my.id	第一方/不能拦	未判定	无已核实广告特征；静态字符串不能证明是广告或可拦截	classes4.dex:string@8086
domain.download	第一方/不能拦	未判定	无已核实广告特征；静态字符串不能证明是广告或可拦截	classes6.dex:string@43920
domnode.id	第一方/不能拦	未判定	无已核实广告特征；静态字符串不能证明是广告或可拦截	classes.dex:string@1188
dorangesource.alicdn.com	第一方/不能拦	未判定	无已核实广告特征；静态字符串不能证明是广告或可拦截	classes.dex:string@36613
download.alicdn.com	第一方/不能拦	未判定	无已核实广告特征；静态字符串不能证明是广告或可拦截	classes10.dex:string@17512
download.taobaocdn.com	第一方/不能拦	未判定	无已核实广告特征；静态字符串不能证明是广告或可拦截	classes4.dex:string@39789
ds.alipay.com	第一方/不能拦	未判定	无已核实广告特征；静态字符串不能证明是广告或可拦截	classes7.dex:string@61747
dsp.1rtb.com	确认广告域名	美数	精确主机 dsp.1rtb.com；网盘 classes28.dex 的 com/meishu/sdk/core/{AdSdk,loader/c,exception/a,uri/a,utils/r0} 的 const-string	classes11.dex:string@25027
dualstack-a.apilocate.amap.com	第一方/不能拦	未判定	无已核实广告特征；静态字符串不能证明是广告或可拦截	classes10.dex:string@4495
dualstack-arestapi.amap.com	第一方/不能拦	未判定	无已核实广告特征；静态字符串不能证明是广告或可拦截	classes8.dex:string@32047
dypnsapi.aliyuncs.com	第一方/不能拦	未判定	无已核实广告特征；静态字符串不能证明是广告或可拦截	classes12.dex:string@50185
e.189.cn	第一方/不能拦	未判定	无已核实广告特征；静态字符串不能证明是广告或可拦截	classes12.dex:string@50186
e.data	第一方/不能拦	未判定	无已核实广告特征；静态字符串不能证明是广告或可拦截	classes.dex:string@1138
e.data.data	第一方/不能拦	未判定	无已核实广告特征；静态字符串不能证明是广告或可拦截	classes13.dex:string@61419
eco.taobao.com	第一方/不能拦	未判定	无已核实广告特征；静态字符串不能证明是广告或可拦截	classes12.dex:string@50187
edith.xiaohongshu.com	第一方/不能拦	未判定	无已核实广告特征；静态字符串不能证明是广告或可拦截	classes4.dex:string@46960
edms.fcbox.com	第一方/不能拦	未判定	无已核实广告特征；静态字符串不能证明是广告或可拦截	classes10.dex:string@17516
edu.open.alipay.com	第一方/不能拦	未判定	无已核实广告特征；静态字符串不能证明是广告或可拦截	classes7.dex:string@94409
ef-dongfeng.tanx.com	第一方/不能拦	未判定	无已核实广告特征；静态字符串不能证明是广告或可拦截	classes5.dex:string@31752
elemecdn.com	第一方/不能拦	未判定	无已核实广告特征；静态字符串不能证明是广告或可拦截	classes6.dex:string@47258
emojiwar.uc.cn	第一方/不能拦	未判定	无已核实广告特征；静态字符串不能证明是广告或可拦截	classes4.dex:string@1424
ems.youku.com	第一方/不能拦	未判定	无已核实广告特征；静态字符串不能证明是广告或可拦截	classes10.dex:string@17513
entry-su1.ubixioe.com	确认广告域名	Ubix	精确主机 entry-su1.ubixioe.com；本任务人工确认列表（精确主机）	classes4.dex:string@46961
entry.name	第一方/不能拦	未判定	无已核实广告特征；静态字符串不能证明是广告或可拦截	classes.dex:string@45378
epc.tmobile.com	第一方/不能拦	未判定	无已核实广告特征；静态字符串不能证明是广告或可拦截	classes4.dex:string@40796
erp.rrslj.com	第一方/不能拦	未判定	无已核实广告特征；静态字符串不能证明是广告或可拦截	classes10.dex:string@17516
err.taobao.com	第一方/不能拦	未判定	无已核实广告特征；静态字符串不能证明是广告或可拦截	classes.dex:string@1900
err.tmall.com	第一方/不能拦	未判定	无已核实广告特征；静态字符串不能证明是广告或可拦截	classes.dex:string@1901
etao.com	第一方/不能拦	未判定	无已核实广告特征；静态字符串不能证明是广告或可拦截	classes7.dex:string@51433
eu-acs.aliexpress.com	第一方/不能拦	未判定	无已核实广告特征；静态字符串不能证明是广告或可拦截	classes9.dex:string@40823
eu-pre-acs.aliexpress.com	第一方/不能拦	未判定	无已核实广告特征；静态字符串不能证明是广告或可拦截	classes9.dex:string@40824
event.data	第一方/不能拦	未判定	无已核实广告特征；静态字符串不能证明是广告或可拦截	classes4.dex:string@40896
event.target	第一方/不能拦	未判定	无已核实广告特征；静态字符串不能证明是广告或可拦截	classes7.dex:string@49945
eventhandler.data	第一方/不能拦	未判定	无已核实广告特征；静态字符串不能证明是广告或可拦截	classes7.dex:string@51453
evo.backgroundinit.run	第一方/不能拦	未判定	无已核实广告特征；静态字符串不能证明是广告或可拦截	classes5.dex:string@5815
exprnode.name	第一方/不能拦	未判定	无已核实广告特征；静态字符串不能证明是广告或可拦截	classes3.dex:string@31573
extensionregistrylite.ne	第一方/不能拦	未判定	无已核实广告特征；静态字符串不能证明是广告或可拦截	classes3.dex:string@7281
extlog.do	第一方/不能拦	未判定	无已核实广告特征；静态字符串不能证明是广告或可拦截	classes7.dex:string@4429
fakeapi.jsapi.com	第一方/不能拦	未判定	无已核实广告特征；静态字符串不能证明是广告或可拦截	classes6.dex:string@56567
fav.m.taobao.com	第一方/不能拦	未判定	无已核实广告特征；静态字符串不能证明是广告或可拦截	classes.dex:string@43199
fcbox.com	第一方/不能拦	未判定	无已核实广告特征；静态字符串不能证明是广告或可拦截	classes12.dex:string@44556
feedback.taobao.com	第一方/不能拦	未判定	无已核实广告特征；静态字符串不能证明是广告或可拦截	classes10.dex:string@35524
feedcollectionurllist.ge	第一方/不能拦	未判定	无已核实广告特征；静态字符串不能证明是广告或可拦截	classes9.dex:string@42054
field.name	第一方/不能拦	未判定	无已核实广告特征；静态字符串不能证明是广告或可拦截	classes3.dex:string@32127
file.name	第一方/不能拦	未判定	无已核实广告特征；静态字符串不能证明是广告或可拦截	classes7.dex:string@3777
files.alicdn.com	第一方/不能拦	未判定	无已核实广告特征；静态字符串不能证明是广告或可拦截	classes9.dex:string@48600
finfochannel.read	第一方/不能拦	未判定	无已核实广告特征；静态字符串不能证明是广告或可拦截	classes.dex:string@33991
finishtemplate.name	第一方/不能拦	未判定	无已核实广告特征；静态字符串不能证明是广告或可拦截	classes2.dex:string@39147
fly.fuiou.com	第一方/不能拦	未判定	无已核实广告特征；静态字符串不能证明是广告或可拦截	classes10.dex:string@17516
fnyyw.net	第一方/不能拦	未判定	无已核实广告特征；静态字符串不能证明是广告或可拦截	classes4.dex:string@1424
foo.bar	第一方/不能拦	未判定	无已核实广告特征；静态字符串不能证明是广告或可拦截	classes8.dex:string@33617
forms.office.com	第一方/不能拦	未判定	无已核实广告特征；静态字符串不能证明是广告或可拦截	classes2.dex:string@67282
fr.app.chat.global.xiaomi.net	第一方/不能拦	未判定	无已核实广告特征；静态字符串不能证明是广告或可拦截	classes4.dex:string@42363
fr.register.xmpush.global.xiaomi.com	第一方/不能拦	未判定	无已核实广告特征；静态字符串不能证明是广告或可拦截	classes4.dex:string@46962
fragment.tmall.com	第一方/不能拦	未判定	无已核实广告特征；静态字符串不能证明是广告或可拦截	classes7.dex:string@59089
function.name	第一方/不能拦	未判定	无已核实广告特征；静态字符串不能证明是广告或可拦截	classes3.dex:string@32695
functiondescriptor.name	第一方/不能拦	未判定	无已核实广告特征；静态字符串不能证明是广告或可拦截	classes3.dex:string@32703
fusion.qq.com	第一方/不能拦	未判定	无已核实广告特征；静态字符串不能证明是广告或可拦截	classes4.dex:string@42485
g.alicdn.com	第一方/不能拦	未判定	无已核实广告特征；静态字符串不能证明是广告或可拦截	classes4.dex:string@42501
g.alipayobjects.com	第一方/不能拦	未判定	无已核实广告特征；静态字符串不能证明是广告或可拦截	classes6.dex:string@49612
g.tbcdn.cn	第一方/不能拦	未判定	无已核实广告特征；静态字符串不能证明是广告或可拦截	classes4.dex:string@42502
g2launch.porschecn-events.cn	第一方/不能拦	未判定	无已核实广告特征；静态字符串不能证明是广告或可拦截	classes4.dex:string@1424
gamc.alicdn.com	第一方/不能拦	未判定	无已核实广告特征；静态字符串不能证明是广告或可拦截	classes4.dex:string@42552
gcx.1688.com	第一方/不能拦	未判定	无已核实广告特征；静态字符串不能证明是广告或可拦截	classes.dex:string@43250
gd1.alicdn.com	第一方/不能拦	未判定	无已核实广告特征；静态字符串不能证明是广告或可拦截	classes6.dex:string@49670
gd2.alicdn.com	第一方/不能拦	未判定	无已核实广告特征；静态字符串不能证明是广告或可拦截	classes6.dex:string@49671
gd3.alicdn.com	第一方/不能拦	未判定	无已核实广告特征；静态字符串不能证明是广告或可拦截	classes6.dex:string@49672
gd4.alicdn.com	第一方/不能拦	未判定	无已核实广告特征；静态字符串不能证明是广告或可拦截	classes6.dex:string@49673
gd5.alicdn.com	第一方/不能拦	未判定	无已核实广告特征；静态字符串不能证明是广告或可拦截	classes6.dex:string@49674
gd6.alicdn.com	第一方/不能拦	未判定	无已核实广告特征；静态字符串不能证明是广告或可拦截	classes6.dex:string@49675
gd7.alicdn.com	第一方/不能拦	未判定	无已核实广告特征；静态字符串不能证明是广告或可拦截	classes6.dex:string@49676
gd8.alicdn.com	第一方/不能拦	未判定	无已核实广告特征；静态字符串不能证明是广告或可拦截	classes6.dex:string@49677
getamnetdnsinfos.host	第一方/不能拦	未判定	无已核实广告特征；静态字符串不能证明是广告或可拦截	classes7.dex:string@53621
gi1.md.alicdn.com	第一方/不能拦	未判定	无已核实广告特征；静态字符串不能证明是广告或可拦截	classes6.dex:string@54618
gi2.md.alicdn.com	第一方/不能拦	未判定	无已核实广告特征；静态字符串不能证明是广告或可拦截	classes6.dex:string@54619
gi3.md.alicdn.com	第一方/不能拦	未判定	无已核实广告特征；静态字符串不能证明是广告或可拦截	classes6.dex:string@54620
gi4.md.alicdn.com	第一方/不能拦	未判定	无已核实广告特征；静态字符串不能证明是广告或可拦截	classes6.dex:string@54621
github.com	第一方/不能拦	未判定	无已核实广告特征；静态字符串不能证明是广告或可拦截	classes5.dex:string@31756
gjapplog.ucweb.com	第一方/不能拦	未判定	无已核实广告特征；静态字符串不能证明是广告或可拦截	classes4.dex:string@46963
gju1.alicdn.com	第一方/不能拦	未判定	无已核实广告特征；静态字符串不能证明是广告或可拦截	classes6.dex:string@54645
gju2.alicdn.com	第一方/不能拦	未判定	无已核实广告特征；静态字符串不能证明是广告或可拦截	classes6.dex:string@54646
gju3.alicdn.com	第一方/不能拦	未判定	无已核实广告特征；静态字符串不能证明是广告或可拦截	classes6.dex:string@54647
gju4.alicdn.com	第一方/不能拦	未判定	无已核实广告特征；静态字符串不能证明是广告或可拦截	classes6.dex:string@54648
gjusp.alicdn.com	第一方/不能拦	未判定	无已核实广告特征；静态字符串不能证明是广告或可拦截	classes4.dex:string@45189
glife-img.alicdn.com	第一方/不能拦	未判定	无已核实广告特征；静态字符串不能证明是广告或可拦截	classes4.dex:string@45210
gnu.sparse.map	第一方/不能拦	未判定	无已核实广告特征；静态字符串不能证明是广告或可拦截	classes5.dex:string@6265
gnu.sparse.name	第一方/不能拦	未判定	无已核实广告特征；静态字符串不能证明是广告或可拦截	classes5.dex:string@6266
goldpage.9game.cn	第一方/不能拦	未判定	无已核实广告特征；静态字符串不能证明是广告或可拦截	classes4.dex:string@1424
goldpage.aligames.com	第一方/不能拦	未判定	无已核实广告特征；静态字符串不能证明是广告或可拦截	classes4.dex:string@1424
goofish.com	第一方/不能拦	未判定	无已核实广告特征；静态字符串不能证明是广告或可拦截	classes10.dex:string@33739
gov.cn	第一方/不能拦	未判定	无已核实广告特征；静态字符串不能证明是广告或可拦截	classes.dex:string@42460
gqrcode.alicdn.com	第一方/不能拦	未判定	无已核实广告特征；静态字符串不能证明是广告或可拦截	classes4.dex:string@45338
gsls.cainiao.com	第一方/不能拦	未判定	无已核实广告特征；静态字符串不能证明是广告或可拦截	classes10.dex:string@17516
gtb-fun.alicdn.com	第一方/不能拦	未判定	无已核实广告特征；静态字符串不能证明是广告或可拦截	classes4.dex:string@45452
gtms01.alicdn.com	第一方/不能拦	未判定	无已核实广告特征；静态字符串不能证明是广告或可拦截	classes6.dex:string@54883
gtms02.alicdn.com	第一方/不能拦	未判定	无已核实广告特征；静态字符串不能证明是广告或可拦截	classes6.dex:string@54884
gtms03.alicdn.com	第一方/不能拦	未判定	无已核实广告特征；静态字符串不能证明是广告或可拦截	classes4.dex:string@45453
gtms04.alicdn.com	第一方/不能拦	未判定	无已核实广告特征；静态字符串不能证明是广告或可拦截	classes6.dex:string@54886
guide-acs.m.taobao.com	第一方/不能拦	未判定	无已核实广告特征；静态字符串不能证明是广告或可拦截	classes.dex:string@42519
guide-acs.wapa.taobao.com	第一方/不能拦	未判定	无已核实广告特征；静态字符串不能证明是广告或可拦截	classes3.dex:string@35376
guide-acs.waptest.taobao.com	第一方/不能拦	未判定	无已核实广告特征；静态字符串不能证明是广告或可拦截	classes3.dex:string@35377
guoguo-cdn.cainiao.com	第一方/不能拦	未判定	无已核实广告特征；静态字符串不能证明是广告或可拦截	classes5.dex:string@18420
guoguoactivitymanager.ge	第一方/不能拦	未判定	无已核实广告特征；静态字符串不能证明是广告或可拦截	classes13.dex:string@8022
guoguouser.cainiao.com	第一方/不能拦	未判定	无已核实广告特征；静态字符串不能证明是广告或可拦截	classes2.dex:string@46820
gw-office.alipayobjects.com	第一方/不能拦	未判定	无已核实广告特征；静态字符串不能证明是广告或可拦截	classes6.dex:string@56622
gw.alicdn.com	第一方/不能拦	未判定	无已核实广告特征；静态字符串不能证明是广告或可拦截	classes.dex:string@42529
gw.alipayobjects.cn	第一方/不能拦	未判定	无已核实广告特征；静态字符串不能证明是广告或可拦截	classes7.dex:string@59086
gw.alipayobjects.com	第一方/不能拦	未判定	无已核实广告特征；静态字符串不能证明是广告或可拦截	classes6.dex:string@55040
gw1.alicdn.com	第一方/不能拦	未判定	无已核实广告特征；静态字符串不能证明是广告或可拦截	classes6.dex:string@55052
gw2.alicdn.com	第一方/不能拦	未判定	无已核实广告特征；静态字符串不能证明是广告或可拦截	classes3.dex:string@37902
gw3.alicdn.com	第一方/不能拦	未判定	无已核实广告特征；静态字符串不能证明是广告或可拦截	classes6.dex:string@55054
gw6.alipayobjects.com	第一方/不能拦	未判定	无已核实广告特征；静态字符串不能证明是广告或可拦截	classes7.dex:string@59089
h-adashx.ut.cainiao.com	第一方/不能拦	未判定	无已核实广告特征；静态字符串不能证明是广告或可拦截	classes10.dex:string@34169
h-adashx.ut.taobao.com	第一方/不能拦	未判定	无已核实广告特征；静态字符串不能证明是广告或可拦截	classes.dex:string@43252
h.call	第一方/不能拦	未判定	无已核实广告特征；静态字符串不能证明是广告或可拦截	classes.dex:string@1140
h5-tb.h5-tb-detail.buy	第一方/不能拦	未判定	无已核实广告特征；静态字符串不能证明是广告或可拦截	classes5.dex:string@1607
h5.lanxiniu.com	第一方/不能拦	未判定	无已核实广告特征；静态字符串不能证明是广告或可拦截	classes2.dex:string@23129
h5.m.taobao.com	第一方/不能拦	未判定	无已核实广告特征；静态字符串不能证明是广告或可拦截	classes.dex:string@43201
h5.meitu.com	第一方/不能拦	未判定	无已核实广告特征；静态字符串不能证明是广告或可拦截	classes4.dex:string@1424
h5.sina.cn	第一方/不能拦	未判定	无已核实广告特征；静态字符串不能证明是广告或可拦截	classes4.dex:string@1424
h5.wapa.taobao.com	第一方/不能拦	未判定	无已核实广告特征；静态字符串不能证明是广告或可拦截	classes.dex:string@43203
h5.waptest.taobao.com	第一方/不能拦	未判定	无已核实广告特征；静态字符串不能证明是广告或可拦截	classes.dex:string@43204
h5app.com	第一方/不能拦	未判定	无已核实广告特征；静态字符串不能证明是广告或可拦截	classes13.dex:string@40139
havanalogin.taobao.com	第一方/不能拦	未判定	无已核实广告特征；静态字符串不能证明是广告或可拦截	classes.dex:string@43255
heic.alicdn.com	第一方/不能拦	未判定	无已核实广告特征；静态字符串不能证明是广告或可拦截	classes.dex:string@42965
hitao.com	第一方/不能拦	未判定	无已核实广告特征；静态字符串不能证明是广告或可拦截	classes7.dex:string@61294
holder.templateitem.name	第一方/不能拦	未判定	无已核实广告特征；静态字符串不能证明是广告或可拦截	classes2.dex:string@46197
hpmweb-pre.alipay.com	第一方/不能拦	未判定	无已核实广告特征；静态字符串不能证明是广告或可拦截	classes6.dex:string@85536
hpmweb.alipay.com	第一方/不能拦	未判定	无已核实广告特征；静态字符串不能证明是广告或可拦截	classes6.dex:string@85537
http2.akamai.com	第一方/不能拦	未判定	无已核实广告特征；静态字符串不能证明是广告或可拦截	classes7.dex:string@38730
httpdns.apilocate.amap.com	第一方/不能拦	未判定	无已核实广告特征；静态字符串不能证明是广告或可拦截	classes10.dex:string@35517
huajiao.com	第一方/不能拦	未判定	无已核实广告特征；静态字符串不能证明是广告或可拦截	classes4.dex:string@1424
hybird.miniapp.taobao.com	第一方/不能拦	未判定	无已核实广告特征；静态字符串不能证明是广告或可拦截	classes.dex:string@43291
i.alipayobjects.com	第一方/不能拦	未判定	无已核实广告特征；静态字符串不能证明是广告或可拦截	classes6.dex:string@56682
i.cainiao.com	第一方/不能拦	未判定	无已核实广告特征；静态字符串不能证明是广告或可拦截	classes9.dex:string@48617
i.gtimg.cn	第一方/不能拦	未判定	无已核实广告特征；静态字符串不能证明是广告或可拦截	classes4.dex:string@47047
i.ifeng.com	第一方/不能拦	未判定	无已核实广告特征；静态字符串不能证明是广告或可拦截	classes4.dex:string@72965
i.mmcdn.cn	第一方/不能拦	未判定	无已核实广告特征；静态字符串不能证明是广告或可拦截	classes4.dex:string@47048
i.test	第一方/不能拦	未判定	无已核实广告特征；静态字符串不能证明是广告或可拦截	classes13.dex:string@35993
iclientgw-d9767.alipay.net	第一方/不能拦	未判定	无已核实广告特征；静态字符串不能证明是广告或可拦截	classes6.dex:string@56571
iclientgw-sea.alipay.com	第一方/不能拦	未判定	无已核实广告特征；静态字符串不能证明是广告或可拦截	classes6.dex:string@56624
iclientgw.alipay.com	第一方/不能拦	未判定	无已核实广告特征；静态字符串不能证明是广告或可拦截	classes6.dex:string@56625
iclientgw.stable.alipay.net	第一方/不能拦	未判定	无已核实广告特征；静态字符串不能证明是广告或可拦截	classes6.dex:string@56626
iclientgw.test.alipay.net	第一方/不能拦	未判定	无已核实广告特征；静态字符串不能证明是广告或可拦截	classes6.dex:string@56627
iclientgwpre.alipay.com	第一方/不能拦	未判定	无已核实广告特征；静态字符串不能证明是广告或可拦截	classes6.dex:string@56628
id6.me	第一方/不能拦	未判定	无已核实广告特征；静态字符串不能证明是广告或可拦截	classes8.dex:string@38102
idmb.app.chat.global.xiaomi.net	第一方/不能拦	未判定	无已核实广告特征；静态字符串不能证明是广告或可拦截	classes4.dex:string@47580
idmb.register.xmpush.global.xiaomi.com	第一方/不能拦	未判定	无已核实广告特征；静态字符串不能证明是广告或可拦截	classes4.dex:string@46976
ifs-tripmarvel.fliggy.com	第一方/不能拦	未判定	无已核实广告特征；静态字符串不能证明是广告或可拦截	classes10.dex:string@36048
ihelp.taobao.com	第一方/不能拦	未判定	无已核实广告特征；静态字符串不能证明是广告或可拦截	classes.dex:string@43256
ilce.alicdn.com	第一方/不能拦	未判定	无已核实广告特征；静态字符串不能证明是广告或可拦截	classes4.dex:string@47597
im.m.taobao.com	第一方/不能拦	未判定	无已核实广告特征；静态字符串不能证明是广告或可拦截	classes2.dex:string@23132
image.cnamedomain.com	第一方/不能拦	未判定	无已核实广告特征；静态字符串不能证明是广告或可拦截	classes6.dex:string@10504
img.alicdn.com	第一方/不能拦	未判定	无已核实广告特征；静态字符串不能证明是广告或可拦截	classes.dex:string@43434
img.taobao.com	第一方/不能拦	未判定	无已核实广告特征；静态字符串不能证明是广告或可拦截	classes4.dex:string@47780
img.taobaocdn.com	第一方/不能拦	未判定	无已核实广告特征；静态字符串不能证明是广告或可拦截	classes6.dex:string@57388
img01.taobaocdn.com	第一方/不能拦	未判定	无已核实广告特征；静态字符串不能证明是广告或可拦截	classes6.dex:string@57389
img02.taobaocdn.com	第一方/不能拦	未判定	无已核实广告特征；静态字符串不能证明是广告或可拦截	classes6.dex:string@57390
img03.taobaocdn.com	第一方/不能拦	未判定	无已核实广告特征；静态字符串不能证明是广告或可拦截	classes6.dex:string@57391
img04.taobaocdn.com	第一方/不能拦	未判定	无已核实广告特征；静态字符串不能证明是广告或可拦截	classes6.dex:string@57392
img05.taobaocdn.com	第一方/不能拦	未判定	无已核实广告特征；静态字符串不能证明是广告或可拦截	classes6.dex:string@57393
img06.taobaocdn.com	第一方/不能拦	未判定	无已核实广告特征；静态字符串不能证明是广告或可拦截	classes6.dex:string@57394
img07.taobaocdn.com	第一方/不能拦	未判定	无已核实广告特征；静态字符串不能证明是广告或可拦截	classes6.dex:string@57395
img08.taobaocdn.com	第一方/不能拦	未判定	无已核实广告特征；静态字符串不能证明是广告或可拦截	classes6.dex:string@57396
img1.tbcdn.cn	第一方/不能拦	未判定	无已核实广告特征；静态字符串不能证明是广告或可拦截	classes6.dex:string@57397
img2.tbcdn.cn	第一方/不能拦	未判定	无已核实广告特征；静态字符串不能证明是广告或可拦截	classes6.dex:string@57398
img3.tbcdn.cn	第一方/不能拦	未判定	无已核实广告特征；静态字符串不能证明是广告或可拦截	classes6.dex:string@57399
img4.tbcdn.cn	第一方/不能拦	未判定	无已核实广告特征；静态字符串不能证明是广告或可拦截	classes6.dex:string@57400
imgs-sea-pre.alipay.com	第一方/不能拦	未判定	无已核实广告特征；静态字符串不能证明是广告或可拦截	classes6.dex:string@56629
imgs.alipaymo.com	第一方/不能拦	未判定	无已核实广告特征；静态字符串不能证明是广告或可拦截	classes7.dex:string@71495
impaas-static.dingtalk.com	第一方/不能拦	未判定	无已核实广告特征；静态字符串不能证明是广告或可拦截	classes2.dex:string@46904
info.pid	第一方/不能拦	未判定	无已核实广告特征；静态字符串不能证明是广告或可拦截	classes2.dex:string@47926
inputfile.name	第一方/不能拦	未判定	无已核实广告特征；静态字符串不能证明是广告或可拦截	classes5.dex:string@32678
instance.target	第一方/不能拦	未判定	无已核实广告特征；静态字符串不能证明是广告或可拦截	classes6.dex:string@33662
intent.extra.update.info	第一方/不能拦	未判定	无已核实广告特征；静态字符串不能证明是广告或可拦截	classes2.dex:string@48160
invalid.property	第一方/不能拦	未判定	无已核实广告特征；静态字符串不能证明是广告或可拦截	classes5.dex:string@15262
ipccallback.call	第一方/不能拦	未判定	无已核实广告特征；静态字符串不能证明是广告或可拦截	classes7.dex:string@61823
ipv4only.arpa	第一方/不能拦	未判定	无已核实广告特征；静态字符串不能证明是广告或可拦截	classes.dex:string@44031
iqiyi.com	第一方/不能拦	未判定	无已核实广告特征；静态字符串不能证明是广告或可拦截	classes4.dex:string@1424
irisk-id-l.alipay.com	第一方/不能拦	未判定	无已核实广告特征；静态字符串不能证明是广告或可拦截	classes6.dex:string@56630
irisk-my-l.alipay.com	第一方/不能拦	未判定	无已核实广告特征；静态字符串不能证明是广告或可拦截	classes6.dex:string@56631
irisk-ph-l.alipay.com	第一方/不能拦	未判定	无已核实广告特征；静态字符串不能证明是广告或可拦截	classes6.dex:string@56632
irisk-sea.alipay.com	第一方/不能拦	未判定	无已核实广告特征；静态字符串不能证明是广告或可拦截	classes6.dex:string@56633
irisk-sg-l.alipay.com	第一方/不能拦	未判定	无已核实广告特征；静态字符串不能证明是广告或可拦截	classes6.dex:string@56634
irisk-th-l.alipay.com	第一方/不能拦	未判定	无已核实广告特征；静态字符串不能证明是广告或可拦截	classes6.dex:string@56635
irisk-vn-l.alipay.com	第一方/不能拦	未判定	无已核实广告特征；静态字符串不能证明是广告或可拦截	classes6.dex:string@56636
it.data	第一方/不能拦	未判定	无已核实广告特征；静态字符串不能证明是广告或可拦截	classes12.dex:string@52308
it.data.data	第一方/不能拦	未判定	无已核实广告特征；静态字符串不能证明是广告或可拦截	classes12.dex:string@52309
it.name	第一方/不能拦	未判定	无已核实广告特征；静态字符串不能证明是广告或可拦截	classes10.dex:string@37088
item.channel	第一方/不能拦	未判定	无已核实广告特征；静态字符串不能证明是广告或可拦截	classes4.dex:string@48924
item.data	第一方/不能拦	未判定	无已核实广告特征；静态字符串不能证明是广告或可拦截	classes4.dex:string@48925
item.name	第一方/不能拦	未判定	无已核实广告特征；静态字符串不能证明是广告或可拦截	classes4.dex:string@48926
item.select	第一方/不能拦	未判定	无已核实广告特征；静态字符串不能证明是广告或可拦截	classes12.dex:string@52330
item.taobao.com	第一方/不能拦	未判定	无已核实广告特征；静态字符串不能证明是广告或可拦截	classes9.dex:string@24671
iterator.next	第一方/不能拦	未判定	无已核实广告特征；静态字符串不能证明是广告或可拦截	classes2.dex:string@49202
j.jxcn.cn	第一方/不能拦	未判定	无已核实广告特征；静态字符串不能证明是广告或可拦截	classes4.dex:string@72965
jarinput.name	第一方/不能拦	未判定	无已核实广告特征；静态字符串不能证明是广告或可拦截	classes5.dex:string@33750
jibencaozuo.com	第一方/不能拦	未判定	无已核实广告特征；静态字符串不能证明是广告或可拦截	classes4.dex:string@1424
jmacs.wapa.taobao.com	第一方/不能拦	未判定	无已核实广告特征；静态字符串不能证明是广告或可拦截	classes10.dex:string@37352
jmacs.waptest.taobao.com	第一方/不能拦	未判定	无已核实广告特征；静态字符串不能证明是广告或可拦截	classes10.dex:string@37353
join.myquark.cn	第一方/不能拦	未判定	无已核实广告特征；静态字符串不能证明是广告或可拦截	classes4.dex:string@1424
jp.naver.line.android	第一方/不能拦	未判定	无已核实广告特征；静态字符串不能证明是广告或可拦截	classes3.dex:string@42815
jstimertask.run	第一方/不能拦	未判定	无已核实广告特征；静态字符串不能证明是广告或可拦截	classes6.dex:string@12647
k.store	第一方/不能拦	未判定	无已核实广告特征；静态字符串不能证明是广告或可拦截	classes8.dex:string@40383
kc.jxjypt1.cn	第一方/不能拦	未判定	无已核实广告特征；静态字符串不能证明是广告或可拦截	classes4.dex:string@1424
klass.name	第一方/不能拦	未判定	无已核实广告特征；静态字符串不能证明是广告或可拦截	classes3.dex:string@19064
kotlintarget.name	第一方/不能拦	未判定	无已核实广告特征；静态字符串不能证明是广告或可拦截	classes3.dex:string@17476
ku.m.taobao.com	第一方/不能拦	未判定	无已核实广告特征；静态字符串不能证明是广告或可拦截	classes9.dex:string@24670
lastcrash.info	第一方/不能拦	未判定	无已核实广告特征；静态字符串不能证明是广告或可拦截	classes6.dex:string@60360
lbs-3dtiles-service.amap.com	第一方/不能拦	未判定	无已核实广告特征；静态字符串不能证明是广告或可拦截	classes8.dex:string@38103
lbs.amap.com	第一方/不能拦	未判定	无已核实广告特征；静态字符串不能证明是广告或可拦截	classes8.dex:string@502
lbs.map.qq.com	第一方/不能拦	未判定	无已核实广告特征；静态字符串不能证明是广告或可拦截	classes4.dex:string@46903
ldtest.cainiao-inc.com	第一方/不能拦	未判定	无已核实广告特征；静态字符串不能证明是广告或可拦截	classes10.dex:string@35546
libalinnpython.so	第一方/不能拦	未判定	无已核实广告特征；静态字符串不能证明是广告或可拦截	classes9.dex:string@52237
libalipaybitmapnative.so	第一方/不能拦	未判定	无已核实广告特征；静态字符串不能证明是广告或可拦截	classes6.dex:string@60799
libapmuocplib.so	第一方/不能拦	未判定	无已核实广告特征；静态字符串不能证明是广告或可拦截	classes10.dex:string@37970
libapp.so	第一方/不能拦	未判定	无已核实广告特征；静态字符串不能证明是广告或可拦截	classes2.dex:string@50221
libart.so	第一方/不能拦	未判定	无已核实广告特征；静态字符串不能证明是广告或可拦截	classes6.dex:string@60803
libcore.icu.icu	第一方/不能拦	未判定	无已核实广告特征；静态字符串不能证明是广告或可拦截	classes.dex:string@45900
libcrashsdk.so	第一方/不能拦	未判定	无已核实广告特征；静态字符串不能证明是广告或可拦截	classes4.dex:string@54299
libcycloneuc.so	第一方/不能拦	未判定	无已核实广告特征；静态字符串不能证明是广告或可拦截	classes4.dex:string@54632
libdecode100203b46520.so	第一方/不能拦	未判定	无已核实广告特征；静态字符串不能证明是广告或可拦截	classes9.dex:string@52239
libdexloaderuc.so	第一方/不能拦	未判定	无已核实广告特征；静态字符串不能证明是广告或可拦截	classes4.dex:string@54633
libflutter.so	第一方/不能拦	未判定	无已核实广告特征；静态字符串不能证明是广告或可拦截	classes2.dex:string@50223
libgifimage.so	第一方/不能拦	未判定	无已核实广告特征；静态字符串不能证明是广告或可拦截	classes10.dex:string@37978
libhwui.so	第一方/不能拦	未判定	无已核实广告特征；静态字符串不能证明是广告或可拦截	classes7.dex:string@4495
libiconv.so	第一方/不能拦	未判定	无已核实广告特征；静态字符串不能证明是广告或可拦截	classes10.dex:string@37979
libijkeditor.so	第一方/不能拦	未判定	无已核实广告特征；静态字符串不能证明是广告或可拦截	classes10.dex:string@37980
libijkengine-gif.so	第一方/不能拦	未判定	无已核实广告特征；静态字符串不能证明是广告或可拦截	classes10.dex:string@37981
libijkffmpeg.so	第一方/不能拦	未判定	无已核实广告特征；静态字符串不能证明是广告或可拦截	classes6.dex:string@85935
libijkmmengine.so	第一方/不能拦	未判定	无已核实广告特征；静态字符串不能证明是广告或可拦截	classes10.dex:string@37983
libijkmuxing.so	第一方/不能拦	未判定	无已核实广告特征；静态字符串不能证明是广告或可拦截	classes6.dex:string@85935
libijkplayer.so	第一方/不能拦	未判定	无已核实广告特征；静态字符串不能证明是广告或可拦截	classes6.dex:string@85935
libijkrecorder.so	第一方/不能拦	未判定	无已核实广告特征；静态字符串不能证明是广告或可拦截	classes10.dex:string@37985
libijksdl.so	第一方/不能拦	未判定	无已核实广告特征；静态字符串不能证明是广告或可拦截	classes6.dex:string@85935
libimagepipeline.so	第一方/不能拦	未判定	无已核实广告特征；静态字符串不能证明是广告或可拦截	classes10.dex:string@37987
libjsengine-api.so	第一方/不能拦	未判定	无已核实广告特征；静态字符串不能证明是广告或可拦截	classes7.dex:string@67209
libjsengine-platform.so	第一方/不能拦	未判定	无已核实广告特征；静态字符串不能证明是广告或可拦截	classes7.dex:string@67209
libjsi.so	第一方/不能拦	未判定	无已核实广告特征；静态字符串不能证明是广告或可拦截	classes2.dex:string@50224
libmmocr.so	第一方/不能拦	未判定	无已核实广告特征；静态字符串不能证明是广告或可拦截	classes9.dex:string@52240
libopenssl.so	第一方/不能拦	未判定	无已核实广告特征；静态字符串不能证明是广告或可拦截	classes10.dex:string@37991
libsgavmp.so	第一方/不能拦	未判定	无已核实广告特征；静态字符串不能证明是广告或可拦截	classes6.dex:string@60841
libsgmain.so	第一方/不能拦	未判定	无已核实广告特征；静态字符串不能证明是广告或可拦截	classes6.dex:string@60843
libsgmisc.so	第一方/不能拦	未判定	无已核实广告特征；静态字符串不能证明是广告或可拦截	classes6.dex:string@60845
libsgnocaptcha.so	第一方/不能拦	未判定	无已核实广告特征；静态字符串不能证明是广告或可拦截	classes6.dex:string@60846
libsgsecuritybody.so	第一方/不能拦	未判定	无已核实广告特征；静态字符串不能证明是广告或可拦截	classes6.dex:string@60848
libu3player.so	第一方/不能拦	未判定	无已核实广告特征；静态字符串不能证明是广告或可拦截	classes4.dex:string@54338
libucrop.so	第一方/不能拦	未判定	无已核实广告特征；静态字符串不能证明是广告或可拦截	classes10.dex:string@38025
libv8.ant.so	第一方/不能拦	未判定	无已核实广告特征；静态字符串不能证明是广告或可拦截	classes7.dex:string@4427
libv8lc.so	第一方/不能拦	未判定	无已核实广告特征；静态字符串不能证明是广告或可拦截	classes7.dex:string@67207
libv8uc.so	第一方/不能拦	未判定	无已核实广告特征；静态字符串不能证明是广告或可拦截	classes7.dex:string@42959
libwebviewuc.so	第一方/不能拦	未判定	无已核实广告特征；静态字符串不能证明是广告或可拦截	classes.dex:string@45902
libxnn.so	第一方/不能拦	未判定	无已核实广告特征；静态字符串不能证明是广告或可拦截	classes5.dex:string@36481
libxnnloader.so	第一方/不能拦	未判定	无已核实广告特征；静态字符串不能证明是广告或可拦截	classes5.dex:string@36482
live.docremote.cn	第一方/不能拦	未判定	无已核实广告特征；静态字符串不能证明是广告或可拦截	classes4.dex:string@1424
liveca-artp.alicdn.com	第一方/不能拦	未判定	无已核实广告特征；静态字符串不能证明是广告或可拦截	classes.dex:string@45974
liveca-bfrtc.alibabausercontent.com	第一方/不能拦	未判定	无已核实广告特征；静态字符串不能证明是广告或可拦截	classes.dex:string@45975
liveca-rtclive.taobao.com	第一方/不能拦	未判定	无已核实广告特征；静态字符串不能证明是广告或可拦截	classes.dex:string@45976
livecb-artp.alicdn.com	第一方/不能拦	未判定	无已核实广告特征；静态字符串不能证明是广告或可拦截	classes.dex:string@45977
livecb-bfrtc.alibabausercontent.com	第一方/不能拦	未判定	无已核实广告特征；静态字符串不能证明是广告或可拦截	classes.dex:string@45978
livecb-rtclive.taobao.com	第一方/不能拦	未判定	无已核实广告特征；静态字符串不能证明是广告或可拦截	classes.dex:string@45979
livecb.alicdn.com	第一方/不能拦	未判定	无已核实广告特征；静态字符串不能证明是广告或可拦截	classes.dex:string@45980
liveng-artp.alicdn.com	第一方/不能拦	未判定	无已核实广告特征；静态字符串不能证明是广告或可拦截	classes.dex:string@45981
liveng-bfrtc.alibabausercontent.com	第一方/不能拦	未判定	无已核实广告特征；静态字符串不能证明是广告或可拦截	classes.dex:string@45982
liveng-rtclive.taobao.com	第一方/不能拦	未判定	无已核实广告特征；静态字符串不能证明是广告或可拦截	classes.dex:string@45983
livenging.alicdn.com	第一方/不能拦	未判定	无已核实广告特征；静态字符串不能证明是广告或可拦截	classes.dex:string@45984
locale.default.country	第一方/不能拦	未判定	无已核实广告特征；静态字符串不能证明是广告或可拦截	classes4.dex:string@54801
locale.us	第一方/不能拦	未判定	无已核实广告特征；静态字符串不能证明是广告或可拦截	classes9.dex:string@20365
lockers.cainiaoyizhan.com	第一方/不能拦	未判定	无已核实广告特征；静态字符串不能证明是广告或可拦截	classes10.dex:string@17516
log-api.pangolin-sdk-toutiao-b.com	确认广告域名	穿山甲/字节广告	专用域后缀 pangolin-sdk-toutiao-b.com；core-rules/PLAN.md Task 3、standard_domains.txt 的 AD_SDK 种子	classes8.dex:string@41673
log.call	第一方/不能拦	未判定	无已核实广告特征；静态字符串不能证明是广告或可拦截	classes13.dex:string@61419
log.snssdk.com	第一方/不能拦	未判定	无已核实广告特征；静态字符串不能证明是广告或可拦截	classes8.dex:string@38104
log2.cmpassport.com	第一方/不能拦	未判定	无已核实广告特征；静态字符串不能证明是广告或可拦截	classes12.dex:string@54187
logconfig.do	第一方/不能拦	未判定	无已核实广告特征；静态字符串不能证明是广告或可拦截	classes7.dex:string@4430
logcontextimpl.java	第一方/不能拦	未判定	无已核实广告特征；静态字符串不能证明是广告或可拦截	classes7.dex:string@45560
loggw-exsdk.alipay.com	第一方/不能拦	未判定	无已核实广告特征；静态字符串不能证明是广告或可拦截	classes7.dex:string@61764
loggw.alipay.com	第一方/不能拦	未判定	无已核实广告特征；静态字符串不能证明是广告或可拦截	classes7.dex:string@68189
login.daily.taobao.net	第一方/不能拦	未判定	无已核实广告特征；静态字符串不能证明是广告或可拦截	classes9.dex:string@52887
login.m.taobao.com	第一方/不能拦	未判定	无已核实广告特征；静态字符串不能证明是广告或可拦截	classes.dex:string@984
login.sina.com.cn	第一方/不能拦	未判定	无已核实广告特征；静态字符串不能证明是广告或可拦截	classes4.dex:string@46980
login.taobao.com	第一方/不能拦	未判定	无已核实广告特征；静态字符串不能证明是广告或可拦截	classes.dex:string@984
login.tmall.com	第一方/不能拦	未判定	无已核实广告特征；静态字符串不能证明是广告或可拦截	classes.dex:string@984
login.wapa.taobao.com	第一方/不能拦	未判定	无已核实广告特征；静态字符串不能证明是广告或可拦截	classes.dex:string@986
login.waptest.taobao.com	第一方/不能拦	未判定	无已核实广告特征；静态字符串不能证明是广告或可拦截	classes.dex:string@987
login.waptest.tbsandbox.com	第一方/不能拦	未判定	无已核实广告特征；静态字符串不能证明是广告或可拦截	classes.dex:string@988
login.weibo	第一方/不能拦	未判定	无已核实广告特征；静态字符串不能证明是广告或可拦截	classes5.dex:string@36724
logupload.do	第一方/不能拦	未判定	无已核实广告特征；静态字符串不能证明是广告或可拦截	classes7.dex:string@4431
long.open.weixin.qq.com	第一方/不能拦	未判定	无已核实广告特征；静态字符串不能证明是广告或可拦截	classes4.dex:string@46981
lottiefiles.zip	第一方/不能拦	未判定	无已核实广告特征；静态字符串不能证明是广告或可拦截	classes6.dex:string@24614
ls.map.soso.com	第一方/不能拦	未判定	无已核实广告特征；静态字符串不能证明是广告或可拦截	classes4.dex:string@46904
lstest.map.soso.com	第一方/不能拦	未判定	无已核实广告特征；静态字符串不能证明是广告或可拦截	classes4.dex:string@46906
lws-short-impaas.dingtalk.com	第一方/不能拦	未判定	无已核实广告特征；静态字符串不能证明是广告或可拦截	classes2.dex:string@46905
lws-short-pre-impaas.dingtalk.com	第一方/不能拦	未判定	无已核实广告特征；静态字符串不能证明是广告或可拦截	classes2.dex:string@46906
lxi.me	第一方/不能拦	未判定	无已核实广告特征；静态字符串不能证明是广告或可拦截	classes2.dex:string@23129
m.6.cn	第一方/不能拦	未判定	无已核实广告特征；静态字符串不能证明是广告或可拦截	classes4.dex:string@1424
m.aimoge.com	第一方/不能拦	未判定	无已核实广告特征；静态字符串不能证明是广告或可拦截	classes10.dex:string@17516
m.alibaba.com	第一方/不能拦	未判定	无已核实广告特征；静态字符串不能证明是广告或可拦截	classes4.dex:string@55923
m.alicdn.com	第一方/不能拦	未判定	无已核实广告特征；静态字符串不能证明是广告或可拦截	classes4.dex:string@55924
m.alipay.com	第一方/不能拦	未判定	无已核实广告特征；静态字符串不能证明是广告或可拦截	classes7.dex:string@61653
m.amap.com	第一方/不能拦	未判定	无已核实广告特征；静态字符串不能证明是广告或可拦截	classes7.dex:string@61654
m.baidu.com	第一方/不能拦	百度第一方/共享服务	受保护主域；可能用于登录、网盘、下载或共享存储，不能整域拦截	classes4.dex:string@72965
m.bilibili.com	第一方/不能拦	未判定	无已核实广告特征；静态字符串不能证明是广告或可拦截	classes4.dex:string@55925
m.duanqu.com	第一方/不能拦	未判定	无已核实广告特征；静态字符串不能证明是广告或可拦截	classes9.dex:string@48619
m.huanqiu.com	第一方/不能拦	未判定	无已核实广告特征；静态字符串不能证明是广告或可拦截	classes4.dex:string@72965
m.hupu.com	第一方/不能拦	未判定	无已核实广告特征；静态字符串不能证明是广告或可拦截	classes4.dex:string@72965
m.ixigua.com	第一方/不能拦	未判定	无已核实广告特征；静态字符串不能证明是广告或可拦截	classes4.dex:string@55926
m.people.cn	第一方/不能拦	未判定	无已核实广告特征；静态字符串不能证明是广告或可拦截	classes4.dex:string@72965
m.store	第一方/不能拦	未判定	无已核实广告特征；静态字符串不能证明是广告或可拦截	classes13.dex:string@45978
m.taobao.com	第一方/不能拦	未判定	无已核实广告特征；静态字符串不能证明是广告或可拦截	classes.dex:string@61891
m.tmall.com	第一方/不能拦	未判定	无已核实广告特征；静态字符串不能证明是广告或可拦截	classes7.dex:string@68889
m.wetv.vip	第一方/不能拦	未判定	无已核实广告特征；静态字符串不能证明是广告或可拦截	classes4.dex:string@1424
m.wsq.qq.com	第一方/不能拦	未判定	无已核实广告特征；静态字符串不能证明是广告或可拦截	classes4.dex:string@46908
m.youtube.com	第一方/不能拦	未判定	无已核实广告特征；静态字符串不能证明是广告或可拦截	classes4.dex:string@55929
m.zudeapp.com	第一方/不能拦	未判定	无已核实广告特征；静态字符串不能证明是广告或可拦截	classes2.dex:string@23129
m.zzx.cnklog.com	第一方/不能拦	未判定	无已核实广告特征；静态字符串不能证明是广告或可拦截	classes4.dex:string@55930
m5.amap.com	第一方/不能拦	未判定	无已核实广告特征；静态字符串不能证明是广告或可拦截	classes8.dex:string@38046
main.m.taobao.com	第一方/不能拦	未判定	无已核实广告特征；静态字符串不能证明是广告或可拦截	classes10.dex:string@17674
main.oversea.data	第一方/不能拦	未判定	无已核实广告特征；静态字符串不能证明是广告或可拦截	classes6.dex:string@3430
mali.alipay.com	第一方/不能拦	未判定	无已核实广告特征；静态字符串不能证明是广告或可拦截	classes7.dex:string@61655
maliprod.alipay.com	第一方/不能拦	未判定	无已核实广告特征；静态字符串不能证明是广告或可拦截	classes7.dex:string@61657
manifest.java	第一方/不能拦	未判定	无已核实广告特征；静态字符串不能证明是广告或可拦截	classes9.dex:string@20644
mapp.qzone.qq.com	第一方/不能拦	未判定	无已核实广告特征；静态字符串不能证明是广告或可拦截	classes4.dex:string@57370
maps.googleapis.com	第一方/不能拦	未判定	无已核实广告特征；静态字符串不能证明是广告或可拦截	classes.dex:string@43261
market.m.taobao.com	第一方/不能拦	未判定	无已核实广告特征；静态字符串不能证明是广告或可拦截	classes.dex:string@43209
market.wapa.taobao.com	第一方/不能拦	未判定	无已核实广告特征；静态字符串不能证明是广告或可拦截	classes.dex:string@43210
market.waptest.taobao.com	第一方/不能拦	未判定	无已核实广告特征；静态字符串不能证明是广告或可拦截	classes4.dex:string@46983
mass.alipay.com	第一方/不能拦	未判定	无已核实广告特征；静态字符串不能证明是广告或可拦截	classes6.dex:string@64509
mass.stable.alipay.net	第一方/不能拦	未判定	无已核实广告特征；静态字符串不能证明是广告或可拦截	classes6.dex:string@64510
matchresult.group	第一方/不能拦	未判定	无已核实广告特征；静态字符串不能证明是广告或可拦截	classes3.dex:string@46598
mcgw.alipay.com	第一方/不能拦	未判定	无已核实广告特征；静态字符串不能证明是广告或可拦截	classes7.dex:string@61765
mclient.alipay.com	第一方/不能拦	未判定	无已核实广告特征；静态字符串不能证明是广告或可拦截	classes7.dex:string@1898
mcop.cainiao.com	第一方/不能拦	未判定	无已核实广告特征；静态字符串不能证明是广告或可拦截	classes12.dex:string@55907
mcop.cainiao.test	第一方/不能拦	未判定	无已核实广告特征；静态字符串不能证明是广告或可拦截	classes12.dex:string@55908
mdap.alipay.com	第一方/不能拦	未判定	无已核实广告特征；静态字符串不能证明是广告或可拦截	classes7.dex:string@61662
mdgw.alipay.com	第一方/不能拦	未判定	无已核实广告特征；静态字符串不能证明是广告或可拦截	classes6.dex:string@56640
mdgwdev.alipay.net	第一方/不能拦	未判定	无已核实广告特征；静态字符串不能证明是广告或可拦截	classes6.dex:string@64689
mdn.alicdn.com	第一方/不能拦	未判定	无已核实广告特征；静态字符串不能证明是广告或可拦截	classes6.dex:string@64691
mdn.alipay.com	第一方/不能拦	未判定	无已核实广告特征；静态字符串不能证明是广告或可拦截	classes6.dex:string@64692
mdn.alipayobjects.cn	第一方/不能拦	未判定	无已核实广告特征；静态字符串不能证明是广告或可拦截	classes7.dex:string@71096
mdn.alipayobjects.com	第一方/不能拦	未判定	无已核实广告特征；静态字符串不能证明是广告或可拦截	classes6.dex:string@64693
mds.host.map	第一方/不能拦	未判定	无已核实广告特征；静态字符串不能证明是广告或可拦截	classes7.dex:string@71107
mediaplayerclient.java	第一方/不能拦	未判定	无已核实广告特征；静态字符串不能证明是广告或可拦截	classes8.dex:string@2244
meta.info	第一方/不能拦	未判定	无已核实广告特征；静态字符串不能证明是广告或可拦截	classes8.dex:string@44420
meta.m.taobao.com	第一方/不能拦	未判定	无已核实广告特征；静态字符串不能证明是广告或可拦截	classes9.dex:string@24991
meta.wapa.taobao.com	第一方/不能拦	未判定	无已核实广告特征；静态字符串不能证明是广告或可拦截	classes9.dex:string@24991
method.name	第一方/不能拦	未判定	无已核实广告特征；静态字符串不能证明是广告或可拦截	classes13.dex:string@18534
mgs-gw.saas.dana.id	第一方/不能拦	未判定	无已核实广告特征；静态字符串不能证明是广告或可拦截	classes6.dex:string@56641
mgtv.com	第一方/不能拦	未判定	无已核实广告特征；静态字符串不能证明是广告或可拦截	classes4.dex:string@1424
mgw.alipay.com	第一方/不能拦	未判定	无已核实广告特征；静态字符串不能证明是广告或可拦截	classes7.dex:string@72010
mgw.mpaas.cn-hangzhou.aliyuncs.com	第一方/不能拦	未判定	无已核实广告特征；静态字符串不能证明是广告或可拦截	classes6.dex:string@56642
mgwnes.alipay.com	第一方/不能拦	未判定	无已核实广告特征；静态字符串不能证明是广告或可拦截	classes7.dex:string@71495
mif-pub.alipayobjects.com	第一方/不能拦	未判定	无已核实广告特征；静态字符串不能证明是广告或可拦截	classes7.dex:string@71355
mimetypes.properties	第一方/不能拦	未判定	无已核实广告特征；静态字符串不能证明是广告或可拦截	classes5.dex:string@15073
miui.os.build	第一方/不能拦	未判定	无已核实广告特征；静态字符串不能证明是广告或可拦截	classes4.dex:string@57851
miui.statusbar.notification.public	第一方/不能拦	未判定	无已核实广告特征；静态字符串不能证明是广告或可拦截	classes13.dex:string@30506
mmtcapi-1-1.stable.alipay.net	第一方/不能拦	未判定	无已核实广告特征；静态字符串不能证明是广告或可拦截	classes6.dex:string@65043
mmtcapi.alipay.com	第一方/不能拦	未判定	无已核实广告特征；静态字符串不能证明是广告或可拦截	classes6.dex:string@65044
mmtcdp.stable.alipay.net	第一方/不能拦	未判定	无已核实广告特征；静态字符串不能证明是广告或可拦截	classes6.dex:string@65045
mobile.alipay	第一方/不能拦	未判定	无已核实广告特征；静态字符串不能证明是广告或可拦截	classes7.dex:string@27063
mobile.com	第一方/不能拦	未判定	无已核实广告特征；静态字符串不能证明是广告或可拦截	classes13.dex:string@47699
mobile.opensdk.com	第一方/不能拦	未判定	无已核实广告特征；静态字符串不能证明是广告或可拦截	classes4.dex:string@5114
mobile.taobao	第一方/不能拦	未判定	无已核实广告特征；静态字符串不能证明是广告或可拦截	classes7.dex:string@27064
mobile.twitter.com	第一方/不能拦	未判定	无已核实广告特征；静态字符串不能证明是广告或可拦截	classes4.dex:string@1424
mobileapi.ebuckler.com	第一方/不能拦	未判定	无已核实广告特征；静态字符串不能证明是广告或可拦截	classes6.dex:string@56643
mobileclientgw.alipaydev.com	第一方/不能拦	未判定	无已核实广告特征；静态字符串不能证明是广告或可拦截	classes7.dex:string@71491
mobilecodec.alipay.com	第一方/不能拦	未判定	无已核实广告特征；静态字符串不能证明是广告或可拦截	classes7.dex:string@71492
mobilegw-eu95-1.rz00a.test.alipay.net	第一方/不能拦	未判定	无已核实广告特征；静态字符串不能证明是广告或可拦截	classes6.dex:string@56574
mobilegw.aaa.alipay.net	第一方/不能拦	未判定	无已核实广告特征；静态字符串不能证明是广告或可拦截	classes6.dex:string@56575
mobilegw.alipay.cn	第一方/不能拦	未判定	无已核实广告特征；静态字符串不能证明是广告或可拦截	classes7.dex:string@71495
mobilegw.alipay.com	第一方/不能拦	未判定	无已核实广告特征；静态字符串不能证明是广告或可拦截	classes.dex:string@43263
mobilegw.alipaydev.com	第一方/不能拦	未判定	无已核实广告特征；静态字符串不能证明是广告或可拦截	classes7.dex:string@61775
mobilegw.stable.alipay.net	第一方/不能拦	未判定	无已核实广告特征；静态字符串不能证明是广告或可拦截	classes6.dex:string@56576
mobilegwpre.alipay.com	第一方/不能拦	未判定	无已核实广告特征；静态字符串不能证明是广告或可拦截	classes6.dex:string@56645
mobilegwspdy.alipay.com	第一方/不能拦	未判定	无已核实广告特征；静态字符串不能证明是广告或可拦截	classes7.dex:string@71508
mobilepmgw.alipay.com	第一方/不能拦	未判定	无已核实广告特征；静态字符串不能证明是广告或可拦截	classes7.dex:string@71511
mon.zijieapi.com	第一方/不能拦	未判定	无已核实广告特征；静态字符串不能证明是广告或可拦截	classes8.dex:string@44583
mp.weixin.qq.com	第一方/不能拦	未判定	无已核实广告特征；静态字符串不能证明是广告或可拦截	classes4.dex:string@46984
mpaas.properties	第一方/不能拦	未判定	无已核实广告特征；静态字符串不能证明是广告或可拦截	classes7.dex:string@70832
mpaasgw.58cloud.alipay.net	第一方/不能拦	未判定	无已核实广告特征；静态字符串不能证明是广告或可拦截	classes6.dex:string@56577
mpaasgw.tngdigital.com.my	第一方/不能拦	未判定	无已核实广告特征；静态字符串不能证明是广告或可拦截	classes6.dex:string@56646
mpsapi.amap.com	第一方/不能拦	未判定	无已核实广告特征；静态字符串不能证明是广告或可拦截	classes8.dex:string@38048
mscantopview.post	第一方/不能拦	未判定	无已核实广告特征；静态字符串不能证明是广告或可拦截	classes7.dex:string@70301
msg.cmpassport.com	第一方/不能拦	未判定	无已核实广告特征；静态字符串不能证明是广告或可拦截	classes8.dex:string@38108
msgacs.m.taobao.com	第一方/不能拦	未判定	无已核实广告特征；静态字符串不能证明是广告或可拦截	classes.dex:string@51104
msgacs.wapa.taobao.com	第一方/不能拦	未判定	无已核实广告特征；静态字符串不能证明是广告或可拦截	classes10.dex:string@40104
msgacs.waptest.taobao.com	第一方/不能拦	未判定	无已核实广告特征；静态字符串不能证明是广告或可拦截	classes10.dex:string@40105
mst01.is.autonavi.com	第一方/不能拦	未判定	无已核实广告特征；静态字符串不能证明是广告或可拦截	classes8.dex:string@38049
msv6.wosms.cn	第一方/不能拦	未判定	无已核实广告特征；静态字符串不能证明是广告或可拦截	classes4.dex:string@58042
mtl-cdn.cainiao.com	第一方/不能拦	未判定	无已核实广告特征；静态字符串不能证明是广告或可拦截	classes2.dex:string@46908
mtl3.alibaba-inc.com	第一方/不能拦	未判定	无已核实广告特征；静态字符串不能证明是广告或可拦截	classes12.dex:string@56449
mtl4.alibaba-inc.com	第一方/不能拦	未判定	无已核实广告特征；静态字符串不能证明是广告或可拦截	classes12.dex:string@56450
mtop.ali.ad.settle.cpc.click	疑似	未知 SDK	广告词 ad；未命中已核实特征	classes10.dex:string@40112
mtop.ali.ad.settle.cpm.click	疑似	未知 SDK	广告词 ad；未命中已核实特征	classes10.dex:string@40113
mtop.ali.ad.settle.tanx.click	疑似	未知 SDK	广告词 ad；未命中已核实特征	classes5.dex:string@5906
mtop.ali.ad.settle.tianhe.click	疑似	未知 SDK	广告词 ad；未命中已核实特征	classes10.dex:string@40114
mtop.alimama.cps.initiativeaction.save	第一方/不能拦	未判定	无已核实广告特征；静态字符串不能证明是广告或可拦截	classes10.dex:string@40115
mtop.cainiao.adkeyword.associate.cn	第一方/不能拦	未判定	无已核实广告特征；静态字符串不能证明是广告或可拦截	classes9.dex:string@55743
mtop.cainiao.adkeyword.get.cn	第一方/不能拦	未判定	无已核实广告特征；静态字符串不能证明是广告或可拦截	classes9.dex:string@55744
mtop.cainiao.adx.feedback.forbid.cn	疑似	未知 SDK	广告词 adx；未命中已核实特征	classes9.dex:string@55745
mtop.cainiao.app.gateway.token.generate.cn	第一方/不能拦	未判定	无已核实广告特征；静态字符串不能证明是广告或可拦截	classes12.dex:string@56458
mtop.cainiao.app.home.tabbar.marketing.get.cn	第一方/不能拦	未判定	无已核实广告特征；静态字符串不能证明是广告或可拦截	classes9.dex:string@55747
mtop.cainiao.app.uic.account.bindstatus.query.cn	第一方/不能拦	未判定	无已核实广告特征；静态字符串不能证明是广告或可拦截	classes12.dex:string@56459
mtop.cainiao.app.uic.agreement.cancel.cn	第一方/不能拦	未判定	无已核实广告特征；静态字符串不能证明是广告或可拦截	classes2.dex:string@53610
mtop.cainiao.app.uic.agreement.query.cn	第一方/不能拦	未判定	无已核实广告特征；静态字符串不能证明是广告或可拦截	classes2.dex:string@53611
mtop.cainiao.app.uic.agreement.sign.cn	第一方/不能拦	未判定	无已核实广告特征；静态字符串不能证明是广告或可拦截	classes2.dex:string@53612
mtop.cainiao.app.user.identifier.report.cn	第一方/不能拦	未判定	无已核实广告特征；静态字符串不能证明是广告或可拦截	classes10.dex:string@40122
mtop.cainiao.appmember.querypkgtask.getaward.cn	第一方/不能拦	未判定	无已核实广告特征；静态字符串不能证明是广告或可拦截	classes4.dex:string@58054
mtop.cainiao.appmember.v3.auto.receive.award.cn	第一方/不能拦	未判定	无已核实广告特征；静态字符串不能证明是广告或可拦截	classes4.dex:string@58055
mtop.cainiao.appmember.v3.expose.reply.cn	第一方/不能拦	未判定	无已核实广告特征；静态字符串不能证明是广告或可拦截	classes12.dex:string@56462
mtop.cainiao.appmember.v3.open.remind.cn	第一方/不能拦	未判定	无已核实广告特征；静态字符串不能证明是广告或可拦截	classes12.dex:string@56463
mtop.cainiao.appmember.videocard.openchallenge.cn	第一方/不能拦	未判定	无已核实广告特征；静态字符串不能证明是广告或可拦截	classes12.dex:string@56464
mtop.cainiao.bff.engine.content.im.card.post.info.cn	第一方/不能拦	未判定	无已核实广告特征；静态字符串不能证明是广告或可拦截	classes2.dex:string@53613
mtop.cainiao.bff.engine.content.im.user.info.cn	第一方/不能拦	未判定	无已核实广告特征；静态字符串不能证明是广告或可拦截	classes2.dex:string@53614
mtop.cainiao.bff.engine.home.main.cn	第一方/不能拦	未判定	无已核实广告特征；静态字符串不能证明是广告或可拦截	classes11.dex:string@46787
mtop.cainiao.bff.engine.shelf.map.show.bystation.cn	第一方/不能拦	未判定	无已核实广告特征；静态字符串不能证明是广告或可拦截	classes2.dex:string@53615
mtop.cainiao.bff.package.loop.fetchnsusertoken.cn	第一方/不能拦	未判定	无已核实广告特征；静态字符串不能证明是广告或可拦截	classes2.dex:string@53616
mtop.cainiao.bff.package.loop.query.single.chat.user.info	第一方/不能拦	未判定	无已核实广告特征；静态字符串不能证明是广告或可拦截	classes2.dex:string@53617
mtop.cainiao.bffengine.pickup.identity.agreement.sign.cn	第一方/不能拦	未判定	无已核实广告特征；静态字符串不能证明是广告或可拦截	classes13.dex:string@48182
mtop.cainiao.bffengine.pickup.identity.agreement.status.get.cn	第一方/不能拦	未判定	无已核实广告特征；静态字符串不能证明是广告或可拦截	classes12.dex:string@56465
mtop.cainiao.bffengine.pickup.identity.entry.get.cn	第一方/不能拦	未判定	无已核实广告特征；静态字符串不能证明是广告或可拦截	classes13.dex:string@48183
mtop.cainiao.bffengine.pickup.read.sms.rule.cn	第一方/不能拦	未判定	无已核实广告特征；静态字符串不能证明是广告或可拦截	classes13.dex:string@48184
mtop.cainiao.bffengine.search.package.user.config.cn	第一方/不能拦	未判定	无已核实广告特征；静态字符串不能证明是广告或可拦截	classes12.dex:string@56466
mtop.cainiao.bundle.user.task.report.cn	第一方/不能拦	未判定	无已核实广告特征；静态字符串不能证明是广告或可拦截	classes9.dex:string@55750
mtop.cainiao.caps.sms.authcode.package.add.cn	第一方/不能拦	未判定	无已核实广告特征；静态字符串不能证明是广告或可拦截	classes12.dex:string@56467
mtop.cainiao.caps.sms.package.info.batch.analysis.cn	第一方/不能拦	未判定	无已核实广告特征；静态字符串不能证明是广告或可拦截	classes12.dex:string@56468
mtop.cainiao.caps.user.package.label.set.cn	第一方/不能拦	未判定	无已核实广告特征；静态字符串不能证明是广告或可拦截	classes12.dex:string@56469
mtop.cainiao.cboss.cnaccount.healthy.code.auth.view.data	第一方/不能拦	未判定	无已核实广告特征；静态字符串不能证明是广告或可拦截	classes9.dex:string@55781
mtop.cainiao.cboss.cnaccount.session.invalid	第一方/不能拦	未判定	无已核实广告特征；静态字符串不能证明是广告或可拦截	classes9.dex:string@55785
mtop.cainiao.cboss.cnaccount.tbaccount.bind.info	第一方/不能拦	未判定	无已核实广告特征；静态字符串不能证明是广告或可拦截	classes9.dex:string@55787
mtop.cainiao.cboss.upgrade.query.name	第一方/不能拦	未判定	无已核实广告特征；静态字符串不能证明是广告或可拦截	classes9.dex:string@55795
mtop.cainiao.cnactivitycenter.dailysignin.querysigninstatus.cn	第一方/不能拦	未判定	无已核实广告特征；静态字符串不能证明是广告或可拦截	classes12.dex:string@56470
mtop.cainiao.cnactivitycenter.pickupmarketing.joinactivity.cn	第一方/不能拦	未判定	无已核实广告特征；静态字符串不能证明是广告或可拦截	classes11.dex:string@35556
mtop.cainiao.cncreditmarket.slowwillpay.card.issue.cn	第一方/不能拦	未判定	无已核实广告特征；静态字符串不能证明是广告或可拦截	classes12.dex:string@56471
mtop.cainiao.cnhuiliang.appservice.reportopenapp.cn	第一方/不能拦	未判定	无已核实广告特征；静态字符串不能证明是广告或可拦截	classes12.dex:string@56472
mtop.cainiao.cnhuiliang.appservice.reportuseraction.cn	第一方/不能拦	未判定	无已核实广告特征；静态字符串不能证明是广告或可拦截	classes12.dex:string@56473
mtop.cainiao.cnmember.customer.session.invalid	第一方/不能拦	未判定	无已核实广告特征；静态字符串不能证明是广告或可拦截	classes9.dex:string@55807
mtop.cainiao.cnmember.session.invalid	第一方/不能拦	未判定	无已核实广告特征；静态字符串不能证明是广告或可拦截	classes9.dex:string@55813
mtop.cainiao.cnts.lightapp.agreement.remove.cn	第一方/不能拦	未判定	无已核实广告特征；静态字符串不能证明是广告或可拦截	classes12.dex:string@56474
mtop.cainiao.cnts.lightapp.agreement.sign.cn	第一方/不能拦	未判定	无已核实广告特征；静态字符串不能证明是广告或可拦截	classes12.dex:string@56475
mtop.cainiao.cnts.read.agreement.query.cn	第一方/不能拦	未判定	无已核实广告特征；静态字符串不能证明是广告或可拦截	classes12.dex:string@56476
mtop.cainiao.cnvip.vip.vipguide.cn	第一方/不能拦	未判定	无已核实广告特征；静态字符串不能证明是广告或可拦截	classes12.dex:string@56477
mtop.cainiao.cnwireless.remind.classmate.pickup.cn	第一方/不能拦	未判定	无已核实广告特征；静态字符串不能证明是广告或可拦截	classes13.dex:string@48186
mtop.cainiao.cplatform.circle.ap.concern.post.list.cn	第一方/不能拦	未判定	无已核实广告特征；静态字符串不能证明是广告或可拦截	classes11.dex:string@35557
mtop.cainiao.cplatform.circle.ap.exposure.cn	第一方/不能拦	未判定	无已核实广告特征；静态字符串不能证明是广告或可拦截	classes11.dex:string@35558
mtop.cainiao.cplatform.circle.ap.post.list.cn	第一方/不能拦	未判定	无已核实广告特征；静态字符串不能证明是广告或可拦截	classes11.dex:string@35559
mtop.cainiao.cplatform.circle.ap.user.info.cn	第一方/不能拦	未判定	无已核实广告特征；静态字符串不能证明是广告或可拦截	classes12.dex:string@56478
mtop.cainiao.cubex.getlayoutprotocols.cn	第一方/不能拦	未判定	无已核实广告特征；静态字符串不能证明是广告或可拦截	classes11.dex:string@35560
mtop.cainiao.dorado.clientrequestservice.request.cn	第一方/不能拦	未判定	无已核实广告特征；静态字符串不能证明是广告或可拦截	classes11.dex:string@35561
mtop.cainiao.friend.fatigue.report.cn	第一方/不能拦	未判定	无已核实广告特征；静态字符串不能证明是广告或可拦截	classes2.dex:string@53619
mtop.cainiao.friend.group.cid.info.query.cn	第一方/不能拦	未判定	无已核实广告特征；静态字符串不能证明是广告或可拦截	classes2.dex:string@53620
mtop.cainiao.friend.group.conversation.announces.acquire.cn	第一方/不能拦	未判定	无已核实广告特征；静态字符串不能证明是广告或可拦截	classes2.dex:string@53621
mtop.cainiao.friend.group.conversation.announces.report.cn	第一方/不能拦	未判定	无已核实广告特征；静态字符串不能证明是广告或可拦截	classes2.dex:string@53622
mtop.cainiao.friend.group.conversation.page.enter.cn	第一方/不能拦	未判定	无已核实广告特征；静态字符串不能证明是广告或可拦截	classes2.dex:string@53623
mtop.cainiao.friend.group.create.info.recommend.cn	第一方/不能拦	未判定	无已核实广告特征；静态字符串不能证明是广告或可拦截	classes2.dex:string@53624
mtop.cainiao.friend.group.get.password.cn	第一方/不能拦	未判定	无已核实广告特征；静态字符串不能证明是广告或可拦截	classes12.dex:string@56480
mtop.cainiao.friend.group.get.qrcode.cn	第一方/不能拦	未判定	无已核实广告特征；静态字符串不能证明是广告或可拦截	classes12.dex:string@56481
mtop.cainiao.friend.group.member.list.cn	第一方/不能拦	未判定	无已核实广告特征；静态字符串不能证明是广告或可拦截	classes2.dex:string@53625
mtop.cainiao.friend.group.nick.recommend.cn	第一方/不能拦	未判定	无已核实广告特征；静态字符串不能证明是广告或可拦截	classes2.dex:string@53626
mtop.cainiao.friend.group.query.by.password.cn	第一方/不能拦	未判定	无已核实广告特征；静态字符串不能证明是广告或可拦截	classes12.dex:string@56482
mtop.cainiao.friend.group.query.by.qrcode.url.cn	第一方/不能拦	未判定	无已核实广告特征；静态字符串不能证明是广告或可拦截	classes12.dex:string@56483
mtop.cainiao.friend.group.query.own.pkg.cn	第一方/不能拦	未判定	无已核实广告特征；静态字符串不能证明是广告或可拦截	classes2.dex:string@53627
mtop.cainiao.friend.group.station.auth.add.cn	第一方/不能拦	未判定	无已核实广告特征；静态字符串不能证明是广告或可拦截	classes2.dex:string@53628
mtop.cainiao.friend.group.station.auth.page.save.cn	第一方/不能拦	未判定	无已核实广告特征；静态字符串不能证明是广告或可拦截	classes2.dex:string@53629
mtop.cainiao.friend.group.strong.reminder.reached.report.cn	第一方/不能拦	未判定	无已核实广告特征；静态字符串不能证明是广告或可拦截	classes2.dex:string@53630
mtop.cainiao.friend.group.user.add.cn	第一方/不能拦	未判定	无已核实广告特征；静态字符串不能证明是广告或可拦截	classes2.dex:string@53632
mtop.cainiao.friend.guide.nick.modify.msg.invalid.cn	第一方/不能拦	未判定	无已核实广告特征；静态字符串不能证明是广告或可拦截	classes2.dex:string@53633
mtop.cainiao.friend.user.group.auth.query.cn	第一方/不能拦	未判定	无已核实广告特征；静态字符串不能证明是广告或可拦截	classes2.dex:string@53634
mtop.cainiao.friend.user.group.auth.update.cn	第一方/不能拦	未判定	无已核实广告特征；静态字符串不能证明是广告或可拦截	classes2.dex:string@53635
mtop.cainiao.growth.strategy.event.report.cn	第一方/不能拦	未判定	无已核实广告特征；静态字符串不能证明是广告或可拦截	classes13.dex:string@48187
mtop.cainiao.guoguo.address.book.address.count.cn	第一方/不能拦	未判定	无已核实广告特征；静态字符串不能证明是广告或可拦截	classes12.dex:string@56484
mtop.cainiao.guoguo.address.book.address.parse.contextual.cn	第一方/不能拦	未判定	无已核实广告特征；静态字符串不能证明是广告或可拦截	classes2.dex:string@53636
mtop.cainiao.guoguo.ads.click.reply.cn	疑似	未知 SDK	广告词 ads；未命中已核实特征	classes9.dex:string@55817
mtop.cainiao.guoguo.ads.close.reply.cn	疑似	未知 SDK	广告词 ads；未命中已核实特征	classes9.dex:string@55818
mtop.cainiao.guoguo.ads.expose.mreply.cn	疑似	未知 SDK	广告词 ads；未命中已核实特征	classes9.dex:string@55819
mtop.cainiao.guoguo.ads.expose.reply.cn	疑似	未知 SDK	广告词 ads；未命中已核实特征	classes9.dex:string@55820
mtop.cainiao.guoguo.charity.market.querytoptradeinfo.cn	第一方/不能拦	未判定	无已核实广告特征；静态字符串不能证明是广告或可拦截	classes2.dex:string@53637
mtop.cainiao.guoguo.charity.market.sessioncardaction.cn	第一方/不能拦	未判定	无已核实广告特征；静态字符串不能证明是广告或可拦截	classes2.dex:string@53638
mtop.cainiao.guoguo.charity.market.withdrawexchange.cn	第一方/不能拦	未判定	无已核实广告特征；静态字符串不能证明是广告或可拦截	classes2.dex:string@53639
mtop.cainiao.guoguo.mobile.bind.all.user.cn	第一方/不能拦	未判定	无已核实广告特征；静态字符串不能证明是广告或可拦截	classes13.dex:string@48188
mtop.cainiao.guoguo.mobile.unbind.relation.me.check.cn	第一方/不能拦	未判定	无已核实广告特征；静态字符串不能证明是广告或可拦截	classes13.dex:string@48189
mtop.cainiao.guoguo.mobile.unbind.relation.me.cn	第一方/不能拦	未判定	无已核实广告特征；静态字符串不能证明是广告或可拦截	classes13.dex:string@48190
mtop.cainiao.guoguo.nbnetflow.ads.batch.show.v2.cn	疑似	未知 SDK	广告词 ads；未命中已核实特征	classes9.dex:string@55821
mtop.cainiao.guoguo.nbnetflow.ads.index.cn	疑似	未知 SDK	广告词 ads；未命中已核实特征	classes9.dex:string@55822
mtop.cainiao.guoguo.nbnetflow.ads.mshow.cn	疑似	未知 SDK	广告词 ads；未命中已核实特征	classes9.dex:string@55823
mtop.cainiao.guoguo.nbnetflow.ads.page.mrecommend.cn	疑似	未知 SDK	广告词 ads；未命中已核实特征	classes9.dex:string@55824
mtop.cainiao.guoguo.nbnetflow.ads.recommend.cn	疑似	未知 SDK	广告词 ads；未命中已核实特征	classes13.dex:string@48191
mtop.cainiao.guoguo.nbnetflow.ads.show.cn	疑似	未知 SDK	广告词 ads；未命中已核实特征	classes9.dex:string@55825
mtop.cainiao.guoguo.school.relation.list.cn	第一方/不能拦	未判定	无已核实广告特征；静态字符串不能证明是广告或可拦截	classes13.dex:string@48192
mtop.cainiao.guoguo.secondary.logoff.expose.cn	第一方/不能拦	未判定	无已核实广告特征；静态字符串不能证明是广告或可拦截	classes13.dex:string@48193
mtop.cainiao.guoguo.statistics.upload.cn	第一方/不能拦	未判定	无已核实广告特征；静态字符串不能证明是广告或可拦截	classes11.dex:string@35563
mtop.cainiao.guoguo.user.edition.get.cn	第一方/不能拦	未判定	无已核实广告特征；静态字符串不能证明是广告或可拦截	classes12.dex:string@56490
mtop.cainiao.guoguo.user.edition.list.cn	第一方/不能拦	未判定	无已核实广告特征；静态字符串不能证明是广告或可拦截	classes12.dex:string@56491
mtop.cainiao.guoguo.user.edition.set.cn	第一方/不能拦	未判定	无已核实广告特征；静态字符串不能证明是广告或可拦截	classes12.dex:string@56492
mtop.cainiao.guoguo.user.icon.open.recommend.add.cn	第一方/不能拦	未判定	无已核实广告特征；静态字符串不能证明是广告或可拦截	classes9.dex:string@55826
mtop.cainiao.guoguo.user.icon.open.recommend.list.cn	第一方/不能拦	未判定	无已核实广告特征；静态字符串不能证明是广告或可拦截	classes9.dex:string@55827
mtop.cainiao.guoguo.user.icon.open.recommend.replace.cn	第一方/不能拦	未判定	无已核实广告特征；静态字符串不能证明是广告或可拦截	classes9.dex:string@55828
mtop.cainiao.guoguo.user.mobile.binding.guidance.cn	第一方/不能拦	未判定	无已核实广告特征；静态字符串不能证明是广告或可拦截	classes12.dex:string@56493
mtop.cainiao.guoguo.user.new.device.validate.cn	第一方/不能拦	未判定	无已核实广告特征；静态字符串不能证明是广告或可拦截	classes12.dex:string@56494
mtop.cainiao.guoguo.user.recommend.ignore.cn	第一方/不能拦	未判定	无已核实广告特征；静态字符串不能证明是广告或可拦截	classes13.dex:string@48194
mtop.cainiao.guoguo.user.todo.task.click.cn	第一方/不能拦	未判定	无已核实广告特征；静态字符串不能证明是广告或可拦截	classes11.dex:string@35564
mtop.cainiao.guoguo.user.todo.task.expose.cn	第一方/不能拦	未判定	无已核实广告特征；静态字符串不能证明是广告或可拦截	classes11.dex:string@35565
mtop.cainiao.guoguo.user.todo.task.ignore.cn	第一方/不能拦	未判定	无已核实广告特征；静态字符串不能证明是广告或可拦截	classes11.dex:string@35566
mtop.cainiao.guoguo.widget.token.get.cn	第一方/不能拦	未判定	无已核实广告特征；静态字符串不能证明是广告或可拦截	classes2.dex:string@53640
mtop.cainiao.guoguouser.account.authorized.batch.get.cn	第一方/不能拦	未判定	无已核实广告特征；静态字符串不能证明是广告或可拦截	classes8.dex:string@44636
mtop.cainiao.guoguouser.account.authorized.get.cn	第一方/不能拦	未判定	无已核实广告特征；静态字符串不能证明是广告或可拦截	classes8.dex:string@44637
mtop.cainiao.guoguouser.authorize.station.dialog.get.cn	第一方/不能拦	未判定	无已核实广告特征；静态字符串不能证明是广告或可拦截	classes12.dex:string@56498
mtop.cainiao.guoguouser.authorize.station.set.cn	第一方/不能拦	未判定	无已核实广告特征；静态字符串不能证明是广告或可拦截	classes12.dex:string@56499
mtop.cainiao.guoguouser.br.add.notify.cn	第一方/不能拦	未判定	无已核实广告特征；静态字符串不能证明是广告或可拦截	classes13.dex:string@48195
mtop.cainiao.guoguouser.br.can.push.cn	第一方/不能拦	未判定	无已核实广告特征；静态字符串不能证明是广告或可拦截	classes13.dex:string@48196
mtop.cainiao.guoguouser.br.relation.add.cn	第一方/不能拦	未判定	无已核实广告特征；静态字符串不能证明是广告或可拦截	classes13.dex:string@48197
mtop.cainiao.guoguouser.br.relation.list.cn	第一方/不能拦	未判定	无已核实广告特征；静态字符串不能证明是广告或可拦截	classes2.dex:string@53641
mtop.cainiao.guoguouser.br.send.task.cn	第一方/不能拦	未判定	无已核实广告特征；静态字符串不能证明是广告或可拦截	classes13.dex:string@48198
mtop.cainiao.guoguouser.community.compliance.tips.set.cn	第一方/不能拦	未判定	无已核实广告特征；静态字符串不能证明是广告或可拦截	classes12.dex:string@56500
mtop.cainiao.guoguouser.community.info.add.cn	第一方/不能拦	未判定	无已核实广告特征；静态字符串不能证明是广告或可拦截	classes12.dex:string@56501
mtop.cainiao.guoguouser.confirm.phonebind.cn	第一方/不能拦	未判定	无已核实广告特征；静态字符串不能证明是广告或可拦截	classes12.dex:string@56502
mtop.cainiao.guoguouser.edition.older.get.cn	第一方/不能拦	未判定	无已核实广告特征；静态字符串不能证明是广告或可拦截	classes11.dex:string@35567
mtop.cainiao.guoguouser.edition.older.set.cn	第一方/不能拦	未判定	无已核实广告特征；静态字符串不能证明是广告或可拦截	classes11.dex:string@35568
mtop.cainiao.guoguouser.has.self.mobile.cn	第一方/不能拦	未判定	无已核实广告特征；静态字符串不能证明是广告或可拦截	classes12.dex:string@56503
mtop.cainiao.guoguouser.mobile.binding.cn	第一方/不能拦	未判定	无已核实广告特征；静态字符串不能证明是广告或可拦截	classes13.dex:string@48199
mtop.cainiao.guoguouser.mobile.self.cn	第一方/不能拦	未判定	无已核实广告特征；静态字符串不能证明是广告或可拦截	classes12.dex:string@56504
mtop.cainiao.guoguouser.mobile.selfsetting.cn	第一方/不能拦	未判定	无已核实广告特征；静态字符串不能证明是广告或可拦截	classes13.dex:string@48201
mtop.cainiao.guoguouser.mobile.sendsmscheckbytype.cn	第一方/不能拦	未判定	无已核实广告特征；静态字符串不能证明是广告或可拦截	classes13.dex:string@48202
mtop.cainiao.guoguouser.newpackage.gray.cn	第一方/不能拦	未判定	无已核实广告特征；静态字符串不能证明是广告或可拦截	classes9.dex:string@55829
mtop.cainiao.guoguouser.pickup.single.addpickupinfo.cn	第一方/不能拦	未判定	无已核实广告特征；静态字符串不能证明是广告或可拦截	classes13.dex:string@48203
mtop.cainiao.guoguouser.pickup.single.getpickuptoken.cn	第一方/不能拦	未判定	无已核实广告特征；静态字符串不能证明是广告或可拦截	classes12.dex:string@56505
mtop.cainiao.guoguouser.pvg.batchset.pkg.privilege.cn	第一方/不能拦	未判定	无已核实广告特征；静态字符串不能证明是广告或可拦截	classes13.dex:string@48206
mtop.cainiao.guoguouser.pvg.query.pkg.privileges.cn	第一方/不能拦	未判定	无已核实广告特征；静态字符串不能证明是广告或可拦截	classes13.dex:string@48207
mtop.cainiao.guoguouser.recommend.friends.cn	第一方/不能拦	未判定	无已核实广告特征；静态字符串不能证明是广告或可拦截	classes12.dex:string@56506
mtop.cainiao.guoguouser.recommend.ignore.cn	第一方/不能拦	未判定	无已核实广告特征；静态字符串不能证明是广告或可拦截	classes2.dex:string@53642
mtop.cainiao.guoguouser.register.selfmobile.query.cn	第一方/不能拦	未判定	无已核实广告特征；静态字符串不能证明是广告或可拦截	classes12.dex:string@56508
mtop.cainiao.guoguouser.relation.apply.invalid.cn	第一方/不能拦	未判定	无已核实广告特征；静态字符串不能证明是广告或可拦截	classes13.dex:string@48208
mtop.cainiao.guoguouser.relation.count.cn	第一方/不能拦	未判定	无已核实广告特征；静态字符串不能证明是广告或可拦截	classes12.dex:string@56509
mtop.cainiao.guoguouser.relation.info.list2.cn	第一方/不能拦	未判定	无已核实广告特征；静态字符串不能证明是广告或可拦截	classes12.dex:string@56510
mtop.cainiao.guoguouser.relation.info.list3.cn	第一方/不能拦	未判定	无已核实广告特征；静态字符串不能证明是广告或可拦截	classes12.dex:string@56511
mtop.cainiao.guoguouser.relation.modify.reluser.remark.cn	第一方/不能拦	未判定	无已核实广告特征；静态字符串不能证明是广告或可拦截	classes13.dex:string@48210
mtop.cainiao.guoguouser.relation.relate.userandmobile.cn	第一方/不能拦	未判定	无已核实广告特征；静态字符串不能证明是广告或可拦截	classes13.dex:string@48212
mtop.cainiao.guoguouser.user.identity.check.cn	第一方/不能拦	未判定	无已核实广告特征；静态字符串不能证明是广告或可拦截	classes12.dex:string@56512
mtop.cainiao.guoguouser.user.relation.check.and.encrypt.cn	第一方/不能拦	未判定	无已核实广告特征；静态字符串不能证明是广告或可拦截	classes13.dex:string@48213
mtop.cainiao.guoguouser.usualmobile.add.cn	第一方/不能拦	未判定	无已核实广告特征；静态字符串不能证明是广告或可拦截	classes13.dex:string@48214
mtop.cainiao.guoguouser.usualmobile.del.cn	第一方/不能拦	未判定	无已核实广告特征；静态字符串不能证明是广告或可拦截	classes13.dex:string@48215
mtop.cainiao.impaas.get.token.test	第一方/不能拦	未判定	无已核实广告特征；静态字符串不能证明是广告或可拦截	classes2.dex:string@53643
mtop.cainiao.interact.sdk.gateway.guojiang.cn	第一方/不能拦	未判定	无已核实广告特征；静态字符串不能证明是广告或可拦截	classes13.dex:string@48216
mtop.cainiao.ld.detail.gg.batch.confirmsign.cn	第一方/不能拦	未判定	无已核实广告特征；静态字符串不能证明是广告或可拦截	classes12.dex:string@56513
mtop.cainiao.lde.detail.ordercode.mailno.rescode.get.cn	第一方/不能拦	未判定	无已核实广告特征；静态字符串不能证明是广告或可拦截	classes4.dex:string@58057
mtop.cainiao.lde.detail.subscribe.package.info.cn	第一方/不能拦	未判定	无已核实广告特征；静态字符串不能证明是广告或可拦截	classes12.dex:string@56514
mtop.cainiao.logisticsdetail.receiver.name.verify.cn	第一方/不能拦	未判定	无已核实广告特征；静态字符串不能证明是广告或可拦截	classes13.dex:string@48217
mtop.cainiao.lpc.packageinputservice.querypack.add.batch.cn	第一方/不能拦	未判定	无已核实广告特征；静态字符串不能证明是广告或可拦截	classes12.dex:string@56515
mtop.cainiao.lpc.packageservice.querypackagedynlist.cn	第一方/不能拦	未判定	无已核实广告特征；静态字符串不能证明是广告或可拦截	classes12.dex:string@56516
mtop.cainiao.lpc.packageservice.user.package.count.query.cn	第一方/不能拦	未判定	无已核实广告特征；静态字符串不能证明是广告或可拦截	classes12.dex:string@56517
mtop.cainiao.lpc.picture.encode.recognition.remark.cn	第一方/不能拦	未判定	无已核实广告特征；静态字符串不能证明是广告或可拦截	classes12.dex:string@56518
mtop.cainiao.lpc.picture.recognition.mailno.goods.cn	第一方/不能拦	未判定	无已核实广告特征；静态字符串不能证明是广告或可拦截	classes12.dex:string@56519
mtop.cainiao.lpc.remark.picture.recommend.cn	第一方/不能拦	未判定	无已核实广告特征；静态字符串不能证明是广告或可拦截	classes12.dex:string@56520
mtop.cainiao.market.taie.stay.finishstay.cn	第一方/不能拦	未判定	无已核实广告特征；静态字符串不能证明是广告或可拦截	classes9.dex:string@55830
mtop.cainiao.market.taie.stay.startstay.cn	第一方/不能拦	未判定	无已核实广告特征；静态字符串不能证明是广告或可拦截	classes9.dex:string@55831
mtop.cainiao.nbcolumba.liveview.set.cn	第一方/不能拦	未判定	无已核实广告特征；静态字符串不能证明是广告或可拦截	classes12.dex:string@56521
mtop.cainiao.nbcolumba.mobile.system.switch.record.cn	第一方/不能拦	未判定	无已核实广告特征；静态字符串不能证明是广告或可拦截	classes12.dex:string@56523
mtop.cainiao.nbcolumba.push.msg.option.batch.operate.cn	第一方/不能拦	未判定	无已核实广告特征；静态字符串不能证明是广告或可拦截	classes12.dex:string@56524
mtop.cainiao.nbcommerce.recommend.category.name.query.cn	第一方/不能拦	未判定	无已核实广告特征；静态字符串不能证明是广告或可拦截	classes9.dex:string@55832
mtop.cainiao.nbcommerce.recommend.feedback.forbid.category.cn	第一方/不能拦	未判定	无已核实广告特征；静态字符串不能证明是广告或可拦截	classes9.dex:string@55833
mtop.cainiao.nbcommerce.recommend.feedback.forbid.item.cn	第一方/不能拦	未判定	无已核实广告特征；静态字符串不能证明是广告或可拦截	classes9.dex:string@55834
mtop.cainiao.nbcommerce.recommend.feedback.forbid.query.cn	第一方/不能拦	未判定	无已核实广告特征；静态字符串不能证明是广告或可拦截	classes13.dex:string@48218
mtop.cainiao.nbcps.presentation.fetch.cn	第一方/不能拦	未判定	无已核实广告特征；静态字符串不能证明是广告或可拦截	classes9.dex:string@55835
mtop.cainiao.nbcps.subject.reward.get.cn	第一方/不能拦	未判定	无已核实广告特征；静态字符串不能证明是广告或可拦截	classes13.dex:string@48219
mtop.cainiao.nbfriend.bird.assistant.entranceinfo.show.v2.cn	第一方/不能拦	未判定	无已核实广告特征；静态字符串不能证明是广告或可拦截	classes4.dex:string@58067
mtop.cainiao.nbfriend.impaas.conversation.exist.cn	第一方/不能拦	未判定	无已核实广告特征；静态字符串不能证明是广告或可拦截	classes2.dex:string@53644
mtop.cainiao.nbmensa.behavior.report.cn	第一方/不能拦	未判定	无已核实广告特征；静态字符串不能证明是广告或可拦截	classes11.dex:string@35570
mtop.cainiao.nbmensa.research.app.acquireresearch.cn	第一方/不能拦	未判定	无已核实广告特征；静态字符串不能证明是广告或可拦截	classes11.dex:string@35571
mtop.cainiao.nbmensa.research.app.submit.cn	第一方/不能拦	未判定	无已核实广告特征；静态字符串不能证明是广告或可拦截	classes11.dex:string@35572
mtop.cainiao.nbmensa.research.researchservice.acquire.cn	第一方/不能拦	未判定	无已核实广告特征；静态字符串不能证明是广告或可拦截	classes11.dex:string@35573
mtop.cainiao.nbmensa.research.researchservice.close.cn	第一方/不能拦	未判定	无已核实广告特征；静态字符串不能证明是广告或可拦截	classes11.dex:string@35574
mtop.cainiao.nbmensa.research.researchservice.event.report.cn	第一方/不能拦	未判定	无已核实广告特征；静态字符串不能证明是广告或可拦截	classes11.dex:string@35575
mtop.cainiao.nbmensa.research.researchservice.question.submit.cn	第一方/不能拦	未判定	无已核实广告特征；静态字符串不能证明是广告或可拦截	classes11.dex:string@35576
mtop.cainiao.nbmensa.research.researchservice.submit.cn	第一方/不能拦	未判定	无已核实广告特征；静态字符串不能证明是广告或可拦截	classes11.dex:string@35577
mtop.cainiao.nbnetflow.cnuser.ads.show	疑似	未知 SDK	广告词 ads；未命中已核实特征	classes9.dex:string@55837
mtop.cainiao.nbopen.miniapp.ads.show.cn	疑似	未知 SDK	广告词 ads；未命中已核实特征	classes9.dex:string@55843
mtop.cainiao.nbopen.miniapp.auth.userinfo.get.cn	第一方/不能拦	未判定	无已核实广告特征；静态字符串不能证明是广告或可拦截	classes9.dex:string@55844
mtop.cainiao.nbopen.miniapp.package.expose.cn	第一方/不能拦	未判定	无已核实广告特征；静态字符串不能证明是广告或可拦截	classes10.dex:string@40123
mtop.cainiao.nbopen.miniapp.package.multisearch.cn	第一方/不能拦	未判定	无已核实广告特征；静态字符串不能证明是广告或可拦截	classes12.dex:string@56526
mtop.cainiao.nbopen.miniapp.package.search.cn	第一方/不能拦	未判定	无已核实广告特征；静态字符串不能证明是广告或可拦截	classes12.dex:string@56527
mtop.cainiao.nbopen.miniapp.page.enter.cn	第一方/不能拦	未判定	无已核实广告特征；静态字符串不能证明是广告或可拦截	classes10.dex:string@40124
mtop.cainiao.nbopen.miniapp.user.agreement.content.query.cn	第一方/不能拦	未判定	无已核实广告特征；静态字符串不能证明是广告或可拦截	classes9.dex:string@55845
mtop.cainiao.nbopen.miniapp.user.agreement.get.cn	第一方/不能拦	未判定	无已核实广告特征；静态字符串不能证明是广告或可拦截	classes9.dex:string@55846
mtop.cainiao.nbopen.miniapp.user.agreement.get.v2.cn	第一方/不能拦	未判定	无已核实广告特征；静态字符串不能证明是广告或可拦截	classes9.dex:string@55847
mtop.cainiao.nbopen.miniapp.user.agreement.query.cn	第一方/不能拦	未判定	无已核实广告特征；静态字符串不能证明是广告或可拦截	classes9.dex:string@55848
mtop.cainiao.nbopen.miniapp.user.agreement.sign.cn	第一方/不能拦	未判定	无已核实广告特征；静态字符串不能证明是广告或可拦截	classes9.dex:string@55849
mtop.cainiao.nbopen.miniapp.user.auth.agree.cn	第一方/不能拦	未判定	无已核实广告特征；静态字符串不能证明是广告或可拦截	classes9.dex:string@55850
mtop.cainiao.nbopen.miniapp.user.auth.track.cn	第一方/不能拦	未判定	无已核实广告特征；静态字符串不能证明是广告或可拦截	classes9.dex:string@55851
mtop.cainiao.nbopen.miniapp.user.authcode.get.cn	第一方/不能拦	未判定	无已核实广告特征；静态字符串不能证明是广告或可拦截	classes9.dex:string@55852
mtop.cainiao.nbopen.miniapp.user.enter.cn	第一方/不能拦	未判定	无已核实广告特征；静态字符串不能证明是广告或可拦截	classes10.dex:string@40125
mtop.cainiao.nbopen.miniapp.user.openid.get.cn	第一方/不能拦	未判定	无已核实广告特征；静态字符串不能证明是广告或可拦截	classes12.dex:string@56528
mtop.cainiao.nbopen.miniapp.user.token.get.cn	第一方/不能拦	未判定	无已核实广告特征；静态字符串不能证明是广告或可拦截	classes9.dex:string@55853
mtop.cainiao.nbpickup.batch.code.generate.cn	第一方/不能拦	未判定	无已核实广告特征；静态字符串不能证明是广告或可拦截	classes13.dex:string@48220
mtop.cainiao.nbpickup.check.verify.code.cn	第一方/不能拦	未判定	无已核实广告特征；静态字符串不能证明是广告或可拦截	classes13.dex:string@48221
mtop.cainiao.nbpickup.digital.space.event.report.cn	第一方/不能拦	未判定	无已核实广告特征；静态字符串不能证明是广告或可拦截	classes13.dex:string@48222
mtop.cainiao.nbpickup.disinfected.query.function.status.cn	第一方/不能拦	未判定	无已核实广告特征；静态字符串不能证明是广告或可拦截	classes12.dex:string@56529
mtop.cainiao.nbpickup.getreddotversion.cn	第一方/不能拦	未判定	无已核实广告特征；静态字符串不能证明是广告或可拦截	classes12.dex:string@56530
mtop.cainiao.nbpickup.hour.open.door.cn	第一方/不能拦	未判定	无已核实广告特征；静态字符串不能证明是广告或可拦截	classes12.dex:string@56531
mtop.cainiao.nbpickup.identitycode.get.cn	第一方/不能拦	未判定	无已核实广告特征；静态字符串不能证明是广告或可拦截	classes12.dex:string@56532
mtop.cainiao.nbpickup.identitycodeskin.query.default.cn	第一方/不能拦	未判定	无已核实广告特征；静态字符串不能证明是广告或可拦截	classes12.dex:string@56533
mtop.cainiao.nbpickup.identitycodeskin.recommend.list.cn	第一方/不能拦	未判定	无已核实广告特征；静态字符串不能证明是广告或可拦截	classes12.dex:string@56534
mtop.cainiao.nbpickup.light.bar.scan.turn.cn	第一方/不能拦	未判定	无已核实广告特征；静态字符串不能证明是广告或可拦截	classes13.dex:string@48225
mtop.cainiao.nbpickup.light.bar.scan.upload.cn	第一方/不能拦	未判定	无已核实广告特征；静态字符串不能证明是广告或可拦截	classes13.dex:string@48226
mtop.cainiao.nbpickup.light.bar.turn.on.cn	第一方/不能拦	未判定	无已核实广告特征；静态字符串不能证明是广告或可拦截	classes13.dex:string@48227
mtop.cainiao.nbpickup.native.identitycode.get.cn	第一方/不能拦	未判定	无已核实广告特征；静态字符串不能证明是广告或可拦截	classes12.dex:string@56535
mtop.cainiao.nbpickup.native.pickup.package.confirm.cn	第一方/不能拦	未判定	无已核实广告特征；静态字符串不能证明是广告或可拦截	classes13.dex:string@48228
mtop.cainiao.nbpickup.native.verifytoke.get.cn	第一方/不能拦	未判定	无已核实广告特征；静态字符串不能证明是广告或可拦截	classes11.dex:string@35578
mtop.cainiao.nbpickup.phone.pickup.add.package.cn	第一方/不能拦	未判定	无已核实广告特征；静态字符串不能证明是广告或可拦截	classes12.dex:string@56536
mtop.cainiao.nbpickup.phone.pickup.code.get.cn	第一方/不能拦	未判定	无已核实广告特征；静态字符串不能证明是广告或可拦截	classes12.dex:string@56537
mtop.cainiao.nbpickup.phone.pickup.confirm.cn	第一方/不能拦	未判定	无已核实广告特征；静态字符串不能证明是广告或可拦截	classes12.dex:string@56538
mtop.cainiao.nbpickup.phone.pickup.confirm.withhelp.cn	第一方/不能拦	未判定	无已核实广告特征；静态字符串不能证明是广告或可拦截	classes12.dex:string@56539
mtop.cainiao.nbpickup.phone.pickup.package.get.cn	第一方/不能拦	未判定	无已核实广告特征；静态字符串不能证明是广告或可拦截	classes12.dex:string@56540
mtop.cainiao.nbpickup.phone.pickup.remove.package.cn	第一方/不能拦	未判定	无已核实广告特征；静态字符串不能证明是广告或可拦截	classes12.dex:string@56541
mtop.cainiao.nbpickup.phone.pickup.upload.sign.get.cn	第一方/不能拦	未判定	无已核实广告特征；静态字符串不能证明是广告或可拦截	classes12.dex:string@56542
mtop.cainiao.nbpickup.pickup.event.report.cn	第一方/不能拦	未判定	无已核实广告特征；静态字符串不能证明是广告或可拦截	classes12.dex:string@56543
mtop.cainiao.nbpickup.recommend.point.list.cn	第一方/不能拦	未判定	无已核实广告特征；静态字符串不能证明是广告或可拦截	classes12.dex:string@56544
mtop.cainiao.nbpickup.reportuseronlineevent.cn	第一方/不能拦	未判定	无已核实广告特征；静态字符串不能证明是广告或可拦截	classes12.dex:string@56545
mtop.cainiao.nbpickup.school.help.pickup.friend.package.cn	第一方/不能拦	未判定	无已核实广告特征；静态字符串不能证明是广告或可拦截	classes13.dex:string@48229
mtop.cainiao.nbpickup.school.help.pickup.gettoken.cn	第一方/不能拦	未判定	无已核实广告特征；静态字符串不能证明是广告或可拦截	classes13.dex:string@48230
mtop.cainiao.nbpickup.school.help.pickup.rec.friend.cn	第一方/不能拦	未判定	无已核实广告特征；静态字符串不能证明是广告或可拦截	classes13.dex:string@48231
mtop.cainiao.nbpickup.secret.address.queryuseraddrinfo.cn	第一方/不能拦	未判定	无已核实广告特征；静态字符串不能证明是广告或可拦截	classes12.dex:string@56546
mtop.cainiao.nbpickup.send.verify.code.cn	第一方/不能拦	未判定	无已核实广告特征；静态字符串不能证明是广告或可拦截	classes13.dex:string@48232
mtop.cainiao.nbpickup.sms.package.import.cn	第一方/不能拦	未判定	无已核实广告特征；静态字符串不能证明是广告或可拦截	classes13.dex:string@48233
mtop.cainiao.nbpickup.sms.package.list.get.cn	第一方/不能拦	未判定	无已核实广告特征；静态字符串不能证明是广告或可拦截	classes11.dex:string@35579
mtop.cainiao.nbpickup.sms.package.point.get.cn	第一方/不能拦	未判定	无已核实广告特征；静态字符串不能证明是广告或可拦截	classes13.dex:string@48234
mtop.cainiao.nbpickup.sms.package.sign.cn	第一方/不能拦	未判定	无已核实广告特征；静态字符串不能证明是广告或可拦截	classes12.dex:string@56547
mtop.cainiao.nbpickup.station.notitfication.report.cn	第一方/不能拦	未判定	无已核实广告特征；静态字符串不能证明是广告或可拦截	classes12.dex:string@56548
mtop.cainiao.nbpickup.submit.pickup.job.cn	第一方/不能拦	未判定	无已核实广告特征；静态字符串不能证明是广告或可拦截	classes13.dex:string@48235
mtop.cainiao.nbpresentation.homepage.merge.get.cn	第一方/不能拦	未判定	无已核实广告特征；静态字符串不能证明是广告或可拦截	classes12.dex:string@56549
mtop.cainiao.nbpresentation.protocol.data.acquire.cn	第一方/不能拦	未判定	无已核实广告特征；静态字符串不能证明是广告或可拦截	classes12.dex:string@56550
mtop.cainiao.nbpresentation.sec.floor.get.cn	第一方/不能拦	未判定	无已核实广告特征；静态字符串不能证明是广告或可拦截	classes12.dex:string@56551
mtop.cainiao.nbpresentation.sec.floor.reply.cn	第一方/不能拦	未判定	无已核实广告特征；静态字符串不能证明是广告或可拦截	classes12.dex:string@56552
mtop.cainiao.nbpresentation.tabbar.click.cn	第一方/不能拦	未判定	无已核实广告特征；静态字符串不能证明是广告或可拦截	classes9.dex:string@55854
mtop.cainiao.nbpresentation.tabbar.marketing.get.cn	第一方/不能拦	未判定	无已核实广告特征；静态字符串不能证明是广告或可拦截	classes9.dex:string@55855
mtop.cainiao.nbpushcenter.liveview.trigger.cn	第一方/不能拦	未判定	无已核实广告特征；静态字符串不能证明是广告或可拦截	classes12.dex:string@56553
mtop.cainiao.nbpushcenter.option.group.set.cn	第一方/不能拦	未判定	无已核实广告特征；静态字符串不能证明是广告或可拦截	classes12.dex:string@56554
mtop.cainiao.nbpushcenter.option.multi.set.cn	第一方/不能拦	未判定	无已核实广告特征；静态字符串不能证明是广告或可拦截	classes12.dex:string@56555
mtop.cainiao.nbpushcenter.personalpushservice.checktimeset.cn	第一方/不能拦	未判定	无已核实广告特征；静态字符串不能证明是广告或可拦截	classes12.dex:string@56556
mtop.cainiao.nbpushcenter.personalpushservice.option.list.cn	第一方/不能拦	未判定	无已核实广告特征；静态字符串不能证明是广告或可拦截	classes12.dex:string@56557
mtop.cainiao.nbpushcenter.personalpushservice.option.set.cn	第一方/不能拦	未判定	无已核实广告特征；静态字符串不能证明是广告或可拦截	classes12.dex:string@56558
mtop.cainiao.nbpushcenter.personalpushservice.uploadtimeset.cn	第一方/不能拦	未判定	无已核实广告特征；静态字符串不能证明是广告或可拦截	classes12.dex:string@56559
mtop.cainiao.payment.batchpay.indaccount.cn	第一方/不能拦	未判定	无已核实广告特征；静态字符串不能证明是广告或可拦截	classes10.dex:string@40126
mtop.cainiao.pcs.packageservice.querylocallifepackagedatalist.cn	第一方/不能拦	未判定	无已核实广告特征；静态字符串不能证明是广告或可拦截	classes11.dex:string@35581
mtop.cainiao.pcs.querypack.add.batch.cn	第一方/不能拦	未判定	无已核实广告特征；静态字符串不能证明是广告或可拦截	classes12.dex:string@56561
mtop.cainiao.pubaccount.user.login.app.report.cn	第一方/不能拦	未判定	无已核实广告特征；静态字符串不能证明是广告或可拦截	classes12.dex:string@56563
mtop.cainiao.school.business.exclusive.feeds.list.new.cn	第一方/不能拦	未判定	无已核实广告特征；静态字符串不能证明是广告或可拦截	classes12.dex:string@56564
mtop.cainiao.station.stationsend.extractcontactinfo.cn	第一方/不能拦	未判定	无已核实广告特征；静态字符串不能证明是广告或可拦截	classes12.dex:string@56565
mtop.cainiao.station.stationsend.getsendprice.cn	第一方/不能拦	未判定	无已核实广告特征；静态字符串不能证明是广告或可拦截	classes9.dex:string@55857
mtop.cainiao.user.event.report.cn	第一方/不能拦	未判定	无已核实广告特征；静态字符串不能证明是广告或可拦截	classes12.dex:string@56566
mtop.cainiao.user.log.token.generate.cn	第一方/不能拦	未判定	无已核实广告特征；静态字符串不能证明是广告或可拦截	classes10.dex:string@40127
mtop.cnactivitycenter.common.ab.cn	第一方/不能拦	未判定	无已核实广告特征；静态字符串不能证明是广告或可拦截	classes9.dex:string@55858
mtop.cnactivitycenter.common.kgbthirdparty.activity.query.cn	第一方/不能拦	未判定	无已核实广告特征；静态字符串不能证明是广告或可拦截	classes9.dex:string@55859
mtop.cnactivitycenter.common.kgbthirdparty.activity.reward.cn	第一方/不能拦	未判定	无已核实广告特征；静态字符串不能证明是广告或可拦截	classes9.dex:string@55860
mtop.cnactivitycenter.common.reward.cn	第一方/不能拦	未判定	无已核实广告特征；静态字符串不能证明是广告或可拦截	classes12.dex:string@56568
mtop.cnactivitycenter.common.task.gettaskreward.cn	第一方/不能拦	未判定	无已核实广告特征；静态字符串不能证明是广告或可拦截	classes9.dex:string@55861
mtop.cnactivitycenter.feedsactivity.expandreward.cn	第一方/不能拦	未判定	无已核实广告特征；静态字符串不能证明是广告或可拦截	classes9.dex:string@55862
mtop.cnactivitycenter.feedsactivity.getreward.cn	第一方/不能拦	未判定	无已核实广告特征；静态字符串不能证明是广告或可拦截	classes9.dex:string@55863
mtop.cnactivitycenter.feedsactivity.handlereward.cn	第一方/不能拦	未判定	无已核实广告特征；静态字符串不能证明是广告或可拦截	classes13.dex:string@48236
mtop.cnactivitycenter.feedsactivity.ldguide.report.cn	第一方/不能拦	未判定	无已核实广告特征；静态字符串不能证明是广告或可拦截	classes9.dex:string@55864
mtop.cnactivitycenter.feedsactivity.queryexpandprogress.cn	第一方/不能拦	未判定	无已核实广告特征；静态字符串不能证明是广告或可拦截	classes9.dex:string@55865
mtop.cnactivitycenter.gamecenter.userinfo.checkauthandadult.cn	第一方/不能拦	未判定	无已核实广告特征；静态字符串不能证明是广告或可拦截	classes12.dex:string@56569
mtop.cnactivitycenter.wishfree.wishitem.lockforapp.cn	第一方/不能拦	未判定	无已核实广告特征；静态字符串不能证明是广告或可拦截	classes9.dex:string@55866
mtop.cncreditmarket.luckydraw.activatetickets.cn	第一方/不能拦	未判定	无已核实广告特征；静态字符串不能证明是广告或可拦截	classes12.dex:string@56570
mtop.cncreditmarket.userbehavior.updatevalue.cn	第一方/不能拦	未判定	无已核实广告特征；静态字符串不能证明是广告或可拦截	classes12.dex:string@56571
mtop.cnwireless.appdivisionservice.querydivision.cn	第一方/不能拦	未判定	无已核实广告特征；静态字符串不能证明是广告或可拦截	classes12.dex:string@56576
mtop.cnwireless.cncainiaoappservice.getlogisticscompanylist.cn	第一方/不能拦	未判定	无已核实广告特征；静态字符串不能证明是广告或可拦截	classes12.dex:string@56574
mtop.cnwireless.cnuserservice.getuserinfo.cn	第一方/不能拦	未判定	无已核实广告特征；静态字符串不能证明是广告或可拦截	classes12.dex:string@56575
mtop.com.cainiao.cnactivitycenter.getavailabletaskcredit.cn	第一方/不能拦	未判定	无已核实广告特征；静态字符串不能证明是广告或可拦截	classes2.dex:string@53650
mtop.com.cainiao.cnactivitycenter.voucher.count.mainpage.cn	第一方/不能拦	未判定	无已核实广告特征；静态字符串不能证明是广告或可拦截	classes12.dex:string@56578
mtop.com.cainiao.cncreditmarket.lucky.flip.cn	第一方/不能拦	未判定	无已核实广告特征；静态字符串不能证明是广告或可拦截	classes12.dex:string@56579
mtop.com.cainiao.longquan.place.getpageresourcecontent.cn	第一方/不能拦	未判定	无已核实广告特征；静态字符串不能证明是广告或可拦截	classes2.dex:string@53651
mtop.com.cainiao.longquan.place.getresourcecontent.cn	第一方/不能拦	未判定	无已核实广告特征；静态字符串不能证明是广告或可拦截	classes12.dex:string@56580
mtop.guoguouser.userverifyservice.queryuserverifystatus.cn	第一方/不能拦	未判定	无已核实广告特征；静态字符串不能证明是广告或可拦截	classes12.dex:string@56581
mtop.guoguouser.userverifyservice.userverifytoken.cn	第一方/不能拦	未判定	无已核实广告特征；静态字符串不能证明是广告或可拦截	classes12.dex:string@56582
mtop.marketingplatform.activity.service.getactivityfullinfo.cn	第一方/不能拦	未判定	无已核实广告特征；静态字符串不能证明是广告或可拦截	classes12.dex:string@56583
mtop.marketingplatform.activity.service.joinactivity4tb.cn	第一方/不能拦	未判定	无已核实广告特征；静态字符串不能证明是广告或可拦截	classes12.dex:string@56584
mtop.nbfriend.gmessageservice.sendmsg.cn	第一方/不能拦	未判定	无已核实广告特征；静态字符串不能证明是广告或可拦截	classes13.dex:string@48239
mtop.taobao.logisticsdetailservice.querygaododirectioninfo.cn	第一方/不能拦	未判定	无已核实广告特征；静态字符串不能证明是广告或可拦截	classes12.dex:string@56586
mtop.taobao.logisticsdetailtracequeryservice.querycpbymailno.cn	第一方/不能拦	未判定	无已核实广告特征；静态字符串不能证明是广告或可拦截	classes12.dex:string@56585
mtop.taobao.logisticstracedetailservice.queryalltrace.cn	第一方/不能拦	未判定	无已核实广告特征；静态字符串不能证明是广告或可拦截	classes12.dex:string@56587
mtop.taobao.wireless.xxx	第一方/不能拦	未判定	无已核实广告特征；静态字符串不能证明是广告或可拦截	classes12.dex:string@24258
mtopsdk.property	第一方/不能拦	未判定	无已核实广告特征；静态字符串不能证明是广告或可拦截	classes3.dex:string@1052
mtopview.top	第一方/不能拦	未判定	无已核实广告特征；静态字符串不能证明是广告或可拦截	classes13.dex:string@26499
mugw.alipay.com	第一方/不能拦	未判定	无已核实广告特征；静态字符串不能证明是广告或可拦截	classes7.dex:string@71877
muvp.alibaba-inc.com	第一方/不能拦	未判定	无已核实广告特征；静态字符串不能证明是广告或可拦截	classes4.dex:string@46985
mvideopicker.seek	第一方/不能拦	未判定	无已核实广告特征；静态字符串不能证明是广告或可拦截	classes6.dex:string@64207
my.m.taobao.com	第一方/不能拦	未判定	无已核实广告特征；静态字符串不能证明是广告或可拦截	classes.dex:string@43211
mygw.alipay.com	第一方/不能拦	未判定	无已核实广告特征；静态字符串不能证明是广告或可拦截	classes7.dex:string@72008
mygw.alipaydev.com	第一方/不能拦	未判定	无已核实广告特征；静态字符串不能证明是广告或可拦截	classes7.dex:string@72012
mygwpre.alipay.com	第一方/不能拦	未判定	无已核实广告特征；静态字符串不能证明是广告或可拦截	classes7.dex:string@72013
mygwrc.alipay.com	第一方/不能拦	未判定	无已核实广告特征；静态字符串不能证明是广告或可拦截	classes7.dex:string@72014
mygwshort.alipay.com	第一方/不能拦	未判定	无已核实广告特征；静态字符串不能证明是广告或可拦截	classes7.dex:string@72016
myh2.alipay.com	第一方/不能拦	未判定	无已核实广告特征；静态字符串不能证明是广告或可拦截	classes7.dex:string@72019
myquark.cn	第一方/不能拦	未判定	无已核实广告特征；静态字符串不能证明是广告或可拦截	classes4.dex:string@1424
n.data	第一方/不能拦	未判定	无已核实广告特征；静态字符串不能证明是广告或可拦截	classes13.dex:string@61419
namedrunable.run	第一方/不能拦	未判定	无已核实广告特征；静态字符串不能证明是广告或可拦截	classes7.dex:string@27526
namedrunnable.run	第一方/不能拦	未判定	无已核实广告特征；静态字符串不能证明是广告或可拦截	classes7.dex:string@27529
nbnest-admonitor.cainiao.com	第一方/不能拦	未判定	无已核实广告特征；静态字符串不能证明是广告或可拦截	classes9.dex:string@48625
nbnest-admonitor.cainiao.test	第一方/不能拦	未判定	无已核实广告特征；静态字符串不能证明是广告或可拦截	classes9.dex:string@48626
nearx-hk-sail-api.zoloz.com	第一方/不能拦	未判定	无已核实广告特征；静态字符串不能证明是广告或可拦截	classes6.dex:string@56647
nebula.alipay.com	第一方/不能拦	未判定	无已核实广告特征；静态字符串不能证明是广告或可拦截	classes7.dex:string@61776
nebula.pre.alipay.com	第一方/不能拦	未判定	无已核实广告特征；静态字符串不能证明是广告或可拦截	classes7.dex:string@61777
nebulaexternalconfigimpl.java	第一方/不能拦	未判定	无已核实广告特征；静态字符串不能证明是广告或可拦截	classes7.dex:string@27584
new.m.taobao.com	第一方/不能拦	未判定	无已核实广告特征；静态字符串不能证明是广告或可拦截	classes9.dex:string@24671
nisportal.10010.com	第一方/不能拦	未判定	无已核实广告特征；静态字符串不能证明是广告或可拦截	classes8.dex:string@38109
node.host	第一方/不能拦	未判定	无已核实广告特征；静态字符串不能证明是广告或可拦截	classes7.dex:string@1895
node.parentnode.host	第一方/不能拦	未判定	无已核实广告特征；静态字符串不能证明是广告或可拦截	classes7.dex:string@1895
nonpublic.alicdn.com	第一方/不能拦	未判定	无已核实广告特征；静态字符串不能证明是广告或可拦截	classes4.dex:string@58784
norma-external-collect.meizu.com	第一方/不能拦	未判定	无已核实广告特征；静态字符串不能证明是广告或可拦截	classes5.dex:string@32132
oalipay-dl-django.alicdn.com	第一方/不能拦	未判定	无已核实广告特征；静态字符串不能证明是广告或可拦截	classes6.dex:string@36159
ofo.so	第一方/不能拦	未判定	无已核实广告特征；静态字符串不能证明是广告或可拦截	classes7.dex:string@61665
oldparameter.name	第一方/不能拦	未判定	无已核实广告特征；静态字符串不能证明是广告或可拦截	classes3.dex:string@47987
omx.exynos.avc.dec.secure	第一方/不能拦	未判定	无已核实广告特征；静态字符串不能证明是广告或可拦截	classes8.dex:string@18957
omx.google	第一方/不能拦	未判定	无已核实广告特征；静态字符串不能证明是广告或可拦截	classes5.dex:string@38953
omx.nvidia.h264.decode.secure	第一方/不能拦	未判定	无已核实广告特征；静态字符串不能证明是广告或可拦截	classes5.dex:string@15520
omx.sec.avc.dec.secure	第一方/不能拦	未判定	无已核实广告特征；静态字符串不能证明是广告或可拦截	classes8.dex:string@18969
onlinemonitortemplate.zip	第一方/不能拦	未判定	无已核实广告特征；静态字符串不能证明是广告或可拦截	classes4.dex:string@2357
open.kuaishou.com	第一方/不能拦	未判定	无已核实广告特征；静态字符串不能证明是广告或可拦截	classes9.dex:string@48628
open.test.gifshow.com	第一方/不能拦	未判定	无已核实广告特征；静态字符串不能证明是广告或可拦截	classes9.dex:string@48629
open.weibo.cn	第一方/不能拦	未判定	无已核实广告特征；静态字符串不能证明是广告或可拦截	classes13.dex:string@41407
open.weixin.qq.com	第一方/不能拦	未判定	无已核实广告特征；静态字符串不能证明是广告或可拦截	classes4.dex:string@46986
openchannel.alipay.com	第一方/不能拦	未判定	无已核实广告特征；静态字符串不能证明是广告或可拦截	classes6.dex:string@68566
openchannel.stable.alipay.net	第一方/不能拦	未判定	无已核实广告特征；静态字符串不能证明是广告或可拦截	classes6.dex:string@68567
opencloud.wostore.cn	第一方/不能拦	未判定	无已核实广告特征；静态字符串不能证明是广告或可拦截	classes12.dex:string@50250
openmobile.qq.com	第一方/不能拦	未判定	无已核实广告特征；静态字符串不能证明是广告或可拦截	classes4.dex:string@46912
orange-ack-daily.alibaba.net	第一方/不能拦	未判定	无已核实广告特征；静态字符串不能证明是广告或可拦截	classes4.dex:string@60395
orange-ack-daily.heyi.test	第一方/不能拦	未判定	无已核实广告特征；静态字符串不能证明是广告或可拦截	classes4.dex:string@60396
orange-ack-pre.alibaba.com	第一方/不能拦	未判定	无已核实广告特征；静态字符串不能证明是广告或可拦截	classes4.dex:string@60397
orange-ack-pre.youku.com	第一方/不能拦	未判定	无已核实广告特征；静态字符串不能证明是广告或可拦截	classes4.dex:string@60398
orange-ack.alibaba.com	第一方/不能拦	未判定	无已核实广告特征；静态字符串不能证明是广告或可拦截	classes4.dex:string@60399
orange-ack.youku.com	第一方/不能拦	未判定	无已核实广告特征；静态字符串不能证明是广告或可拦截	classes4.dex:string@60400
orange-dc-daily.alibaba.net	第一方/不能拦	未判定	无已核实广告特征；静态字符串不能证明是广告或可拦截	classes4.dex:string@60401
orange-dc-daily.heyi.test	第一方/不能拦	未判定	无已核实广告特征；静态字符串不能证明是广告或可拦截	classes4.dex:string@60402
orange-dc-pre.alibaba.com	第一方/不能拦	未判定	无已核实广告特征；静态字符串不能证明是广告或可拦截	classes4.dex:string@60403
orange-dc-pre.youku.com	第一方/不能拦	未判定	无已核实广告特征；静态字符串不能证明是广告或可拦截	classes4.dex:string@60404
orange-dc.alibaba.com	第一方/不能拦	未判定	无已核实广告特征；静态字符串不能证明是广告或可拦截	classes4.dex:string@60405
orange-dc.youku.com	第一方/不能拦	未判定	无已核实广告特征；静态字符串不能证明是广告或可拦截	classes4.dex:string@60406
ormlitelocallog.properties	第一方/不能拦	未判定	无已核实广告特征；静态字符串不能证明是广告或可拦截	classes6.dex:string@3495
os.alipayobjects.com	第一方/不能拦	未判定	无已核实广告特征；静态字符串不能证明是广告或可拦截	classes4.dex:string@46990
os.name	第一方/不能拦	未判定	无已核实广告特征；静态字符串不能证明是广告或可拦截	classes.dex:string@53756
osdes.alicdn.com	第一方/不能拦	未判定	无已核实广告特征；静态字符串不能证明是广告或可拦截	classes4.dex:string@60493
oss-cn-hangzhou.aliyuncs.com	第一方/不能拦	未判定	无已核实广告特征；静态字符串不能证明是广告或可拦截	classes5.dex:string@39568
oss-cn-zhangjiakou.aliyuncs.com	第一方/不能拦	未判定	无已核实广告特征；静态字符串不能证明是广告或可拦截	classes12.dex:string@58258
oss.aliyuncs.com	第一方/不能拦	未判定	无已核实广告特征；静态字符串不能证明是广告或可拦截	classes6.dex:string@3944
ossgw.alicdn.com	第一方/不能拦	未判定	无已核实广告特征；静态字符串不能证明是广告或可拦截	classes.dex:string@43264
overridden.name	第一方/不能拦	未判定	无已核实广告特征；静态字符串不能证明是广告或可拦截	classes3.dex:string@48691
p2.data	第一方/不能拦	未判定	无已核实广告特征；静态字符串不能证明是广告或可拦截	classes2.dex:string@55678
package.id	第一方/不能拦	未判定	无已核实广告特征；静态字符串不能证明是广告或可拦截	classes7.dex:string@75756
package.name	第一方/不能拦	未判定	无已核实广告特征；静态字符串不能证明是广告或可拦截	classes7.dex:string@75757
page-pre.cainiao-inc.com	第一方/不能拦	未判定	无已核实广告特征；静态字符串不能证明是广告或可拦截	classes12.dex:string@50175
page-pre.cainiao.com	第一方/不能拦	未判定	无已核实广告特征；静态字符串不能证明是广告或可拦截	classes2.dex:string@539
page.aihuishou.com	第一方/不能拦	未判定	无已核实广告特征；静态字符串不能证明是广告或可拦截	classes2.dex:string@23129
page.cainiao.com	第一方/不能拦	未判定	无已核实广告特征；静态字符串不能证明是广告或可拦截	classes2.dex:string@46927
pages-fast.m.taobao.com	第一方/不能拦	未判定	无已核实广告特征；静态字符串不能证明是广告或可拦截	classes12.dex:string@59073
pages-g.m.taobao.com	第一方/不能拦	未判定	无已核实广告特征；静态字符串不能证明是广告或可拦截	classes9.dex:string@24671
pages.cainiao.com	第一方/不能拦	未判定	无已核实广告特征；静态字符串不能证明是广告或可拦截	classes10.dex:string@35558
pages.tmall.com	第一方/不能拦	未判定	无已核实广告特征；静态字符串不能证明是广告或可拦截	classes.dex:string@29244
param.biz	第一方/不能拦	未判定	无已核实广告特征；静态字符串不能证明是广告或可拦截	classes7.dex:string@87783
parameter.name	第一方/不能拦	未判定	无已核实广告特征；静态字符串不能证明是广告或可拦截	classes3.dex:string@49006
params.data	第一方/不能拦	未判定	无已核实广告特征；静态字符串不能证明是广告或可拦截	classes5.dex:string@39730
pass.taopiaopiao.com	第一方/不能拦	未判定	无已核实广告特征；静态字符串不能证明是广告或可拦截	classes7.dex:string@76458
passport.alibaba.com	第一方/不能拦	未判定	无已核实广告特征；静态字符串不能证明是广告或可拦截	classes.dex:string@43265
passport.daily.alibaba.com	第一方/不能拦	未判定	无已核实广告特征；静态字符串不能证明是广告或可拦截	classes.dex:string@43213
passport.taobao.com	第一方/不能拦	未判定	无已核实广告特征；静态字符串不能证明是广告或可拦截	classes.dex:string@43267
passport.taopiaopiao.com	第一方/不能拦	未判定	无已核实广告特征；静态字符串不能证明是广告或可拦截	classes7.dex:string@76460
passportpre.taopiaopiao.com	第一方/不能拦	未判定	无已核实广告特征；静态字符串不能证明是广告或可拦截	classes7.dex:string@76480
patriot.cs.pp.cn	第一方/不能拦	未判定	无已核实广告特征；静态字符串不能证明是广告或可拦截	classes7.dex:string@61666
pcs.i56.taobao.com	第一方/不能拦	未判定	无已核实广告特征；静态字符串不能证明是广告或可拦截	classes4.dex:string@46996
persist.sys.country	第一方/不能拦	未判定	无已核实广告特征；静态字符串不能证明是广告或可拦截	classes4.dex:string@61252
phoniex.toutiao.com	第一方/不能拦	未判定	无已核实广告特征；静态字符串不能证明是广告或可拦截	classes9.dex:string@48640
pic.alipayobjects.com	第一方/不能拦	未判定	无已核实广告特征；静态字符串不能证明是广告或可拦截	classes6.dex:string@69891
picasso.alicdn.com	第一方/不能拦	未判定	无已核实广告特征；静态字符串不能证明是广告或可拦截	classes4.dex:string@61387
pipeline.next	第一方/不能拦	未判定	无已核实广告特征；静态字符串不能证明是广告或可拦截	classes7.dex:string@36459
play.google.com	第一方/不能拦	未判定	无已核实广告特征；静态字符串不能证明是广告或可拦截	classes4.dex:string@1424
pldata.total	第一方/不能拦	未判定	无已核实广告特征；静态字符串不能证明是广告或可拦截	classes6.dex:string@74406
possiblyinnertype.classifierdescriptor.name	第一方/不能拦	未判定	无已核实广告特征；静态字符串不能证明是广告或可拦截	classes3.dex:string@49721
pre-arup.m.taobao.com	第一方/不能拦	未判定	无已核实广告特征；静态字符串不能证明是广告或可拦截	classes4.dex:string@62072
pre-bff.cainiao-inc.com	第一方/不能拦	未判定	无已核实广告特征；静态字符串不能证明是广告或可拦截	classes2.dex:string@46935
pre-cnlogin.cainiao.com	第一方/不能拦	未判定	无已核实广告特征；静态字符串不能证明是广告或可拦截	classes9.dex:string@48641
pre-down-impaas.dingtalk.com	第一方/不能拦	未判定	无已核实广告特征；静态字符串不能证明是广告或可拦截	classes2.dex:string@46936
pre-i.cainiao.com	第一方/不能拦	未判定	无已核实广告特征；静态字符串不能证明是广告或可拦截	classes9.dex:string@48643
pre-mcop.cainiao.com	第一方/不能拦	未判定	无已核实广告特征；静态字符串不能证明是广告或可拦截	classes12.dex:string@60140
pre-nbnest-admonitor.cainiao.com	第一方/不能拦	未判定	无已核实广告特征；静态字符串不能证明是广告或可拦截	classes9.dex:string@48644
pre-quark-activity.sm.cn	第一方/不能拦	未判定	无已核实广告特征；静态字符串不能证明是广告或可拦截	classes4.dex:string@1424
pre-sm-quark-vt.alibaba-inc.com	第一方/不能拦	未判定	无已核实广告特征；静态字符串不能证明是广告或可拦截	classes4.dex:string@1424
pre-snipe.alibaba-inc.com	第一方/不能拦	未判定	无已核实广告特征；静态字符串不能证明是广告或可拦截	classes11.dex:string@30607
pre-ssp.iytcdn.com	第一方/不能拦	未判定	无已核实广告特征；静态字符串不能证明是广告或可拦截	classes9.dex:string@48645
preabtest.alibaba-inc.com	第一方/不能拦	未判定	无已核实广告特征；静态字符串不能证明是广告或可拦截	classes6.dex:string@56579
preloadpackageapp.zip	第一方/不能拦	未判定	无已核实广告特征；静态字符串不能证明是广告或可拦截	classes.dex:string@54643
print.log.date	第一方/不能拦	未判定	无已核实广告特征；静态字符串不能证明是广告或可拦截	classes7.dex:string@78077
privacy.data	第一方/不能拦	未判定	无已核实广告特征；静态字符串不能证明是广告或可拦截	classes8.dex:string@48248
proc.id	第一方/不能拦	未判定	无已核实广告特征；静态字符串不能证明是广告或可拦截	classes4.dex:string@62212
processor.run	第一方/不能拦	未判定	无已核实广告特征；静态字符串不能证明是广告或可拦截	classes2.dex:string@9273
project.properties	第一方/不能拦	未判定	无已核实广告特征；静态字符串不能证明是广告或可拦截	classes4.dex:string@24473
protobuf.property	第一方/不能拦	未判定	无已核实广告特征；静态字符串不能证明是广告或可拦截	classes3.dex:string@17549
provided.it	第一方/不能拦	未判定	无已核实广告特征；静态字符串不能证明是广告或可拦截	classes3.dex:string@19981
push-statics.in.meizu.com	第一方/不能拦	未判定	无已核实广告特征；静态字符串不能证明是广告或可拦截	classes5.dex:string@40335
push-statics.meizu.com	第一方/不能拦	未判定	无已核实广告特征；静态字符串不能证明是广告或可拦截	classes5.dex:string@40336
px.ucweb.com	第一方/不能拦	未判定	无已核实广告特征；静态字符串不能证明是广告或可拦截	classes10.dex:string@43343
px.wpk.quark.cn	第一方/不能拦	未判定	无已核实广告特征；静态字符串不能证明是广告或可拦截	classes4.dex:string@46997
qcourse-web.alibaba-inc.com	第一方/不能拦	未判定	无已核实广告特征；静态字符串不能证明是广告或可拦截	classes4.dex:string@1424
qgw.alipayobjects.com	第一方/不能拦	未判定	无已核实广告特征；静态字符串不能证明是广告或可拦截	classes7.dex:string@78725
qianniu.alicdn.com	第一方/不能拦	未判定	无已核实广告特征；静态字符串不能证明是广告或可拦截	classes4.dex:string@62570
qiku.service.action.id	第一方/不能拦	未判定	无已核实广告特征；静态字符串不能证明是广告或可拦截	classes2.dex:string@58021
qknow-vote.alibaba-inc.com	第一方/不能拦	未判定	无已核实广告特征；静态字符串不能证明是广告或可拦截	classes4.dex:string@1424
qknow-vote.ude.alibaba.net	第一方/不能拦	未判定	无已核实广告特征；静态字符串不能证明是广告或可拦截	classes4.dex:string@1424
qmdn.alipayobjects.com	第一方/不能拦	未判定	无已核实广告特征；静态字符串不能证明是广告或可拦截	classes7.dex:string@78730
qq.com	第一方/不能拦	未判定	无已核实广告特征；静态字符串不能证明是广告或可拦截	classes4.dex:string@1424
qr.alipay.com	第一方/不能拦	未判定	无已核实广告特征；静态字符串不能证明是广告或可拦截	classes12.dex:string@50284
qr.dingtalk.com	第一方/不能拦	未判定	无已核实广告特征；静态字符串不能证明是广告或可拦截	classes8.dex:string@31551
quark.sm.cn	第一方/不能拦	未判定	无已核实广告特征；静态字符串不能证明是广告或可拦截	classes4.dex:string@46998
qzapp.qlogo.cn	第一方/不能拦	未判定	无已核实广告特征；静态字符串不能证明是广告或可拦截	classes4.dex:string@62693
qzs.qq.com	第一方/不能拦	未判定	无已核实广告特征；静态字符串不能证明是广告或可拦截	classes4.dex:string@2056
r.data	第一方/不能拦	未判定	无已核实广告特征；静态字符串不能证明是广告或可拦截	classes4.dex:string@62699
r.st	第一方/不能拦	未判定	无已核实广告特征；静态字符串不能证明是广告或可拦截	classes12.dex:string@61592
rcs.cmpassport.com	第一方/不能拦	未判定	无已核实广告特征；静态字符串不能证明是广告或可拦截	classes12.dex:string@60739
readyre.test	第一方/不能拦	未判定	无已核实广告特征；静态字符串不能证明是广告或可拦截	classes7.dex:string@1896
recognizerunnable.run	第一方/不能拦	未判定	无已核实广告特征；静态字符串不能证明是广告或可拦截	classes7.dex:string@29680
record.target	第一方/不能拦	未判定	无已核实广告特征；静态字符串不能证明是广告或可拦截	classes.dex:string@811
rect.top	第一方/不能拦	未判定	无已核实广告特征；静态字符串不能证明是广告或可拦截	classes12.dex:string@33643
reflecttype.name	第一方/不能拦	未判定	无已核实广告特征；静态字符串不能证明是广告或可拦截	classes3.dex:string@8415
refund.m.taobao.com	第一方/不能拦	未判定	无已核实广告特征；静态字符串不能证明是广告或可拦截	classes.dex:string@55459
refund.m.tmall.com	第一方/不能拦	未判定	无已核实广告特征；静态字符串不能证明是广告或可拦截	classes.dex:string@55460
reg.163.com	第一方/不能拦	未判定	无已核实广告特征；静态字符串不能证明是广告或可拦截	classes5.dex:string@32140
region.data	第一方/不能拦	未判定	无已核实广告特征；静态字符串不能证明是广告或可拦截	classes7.dex:string@76963
register.xmpush.global.xiaomi.com	第一方/不能拦	未判定	无已核实广告特征；静态字符串不能证明是广告或可拦截	classes4.dex:string@46999
register.xmpush.xiaomi.com	第一方/不能拦	未判定	无已核实广告特征；静态字符串不能证明是广告或可拦截	classes4.dex:string@63137
registertask.run	第一方/不能拦	未判定	无已核实广告特征；静态字符串不能证明是广告或可拦截	classes.dex:string@28953
render-web.shuqireader.com	第一方/不能拦	未判定	无已核实广告特征；静态字符串不能证明是广告或可拦截	classes4.dex:string@1424
render-web.test.shuqireader.com	第一方/不能拦	未判定	无已核实广告特征；静态字符串不能证明是广告或可拦截	classes4.dex:string@1424
render.alipay.com	第一方/不能拦	未判定	无已核实广告特征；静态字符串不能证明是广告或可拦截	classes.dex:string@43269
render.amap.com	第一方/不能拦	未判定	无已核实广告特征；静态字符串不能证明是广告或可拦截	classes8.dex:string@38050
request.info	第一方/不能拦	未判定	无已核实广告特征；静态字符串不能证明是广告或可拦截	classes8.dex:string@49472
request.network	第一方/不能拦	未判定	无已核实广告特征；静态字符串不能证明是广告或可拦截	classes5.dex:string@40952
res.ck	第一方/不能拦	未判定	无已核实广告特征；静态字符串不能证明是广告或可拦截	classes8.dex:string@24947
res.zip	第一方/不能拦	未判定	无已核实广告特征；静态字符串不能证明是广告或可拦截	classes8.dex:string@24948
resolver.msg.global.xiaomi.net	第一方/不能拦	未判定	无已核实广告特征；静态字符串不能证明是广告或可拦截	classes4.dex:string@47000
resolver.msg.xiaomi.net	第一方/不能拦	未判定	无已核实广告特征；静态字符串不能证明是广告或可拦截	classes4.dex:string@47001
restapi.amap.com	第一方/不能拦	未判定	无已核实广告特征；静态字符串不能证明是广告或可拦截	classes8.dex:string@38051
restsdk.amap.com	第一方/不能拦	未判定	无已核实广告特征；静态字符串不能证明是广告或可拦截	classes8.dex:string@38052
result.country	第一方/不能拦	未判定	无已核实广告特征；静态字符串不能证明是广告或可拦截	classes7.dex:string@81014
result.data	第一方/不能拦	未判定	无已核实广告特征；静态字符串不能证明是广告或可拦截	classes13.dex:string@35992
resultpb.id	第一方/不能拦	未判定	无已核实广告特征；静态字符串不能证明是广告或可拦截	classes6.dex:string@2639
retcode.alicdn.com	第一方/不能拦	未判定	无已核实广告特征；静态字符串不能证明是广告或可拦截	classes7.dex:string@59089
retention.name	第一方/不能拦	未判定	无已核实广告特征；静态字符串不能证明是广告或可拦截	classes3.dex:string@17480
ro.build.display.id	第一方/不能拦	未判定	无已核实广告特征；静态字符串不能证明是广告或可拦截	classes4.dex:string@64013
ro.build.host	第一方/不能拦	未判定	无已核实广告特征；静态字符串不能证明是广告或可拦截	classes4.dex:string@64015
ro.build.id	第一方/不能拦	未判定	无已核实广告特征；静态字符串不能证明是广告或可拦截	classes8.dex:string@49898
ro.build.rom.id	第一方/不能拦	未判定	无已核实广告特征；静态字符串不能证明是广告或可拦截	classes5.dex:string@41358
ro.flyme.version.id	第一方/不能拦	未判定	无已核实广告特征；静态字符串不能证明是广告或可拦截	classes5.dex:string@41363
ro.honor.build.display.id	第一方/不能拦	未判定	无已核实广告特征；静态字符串不能证明是广告或可拦截	classes4.dex:string@64030
ro.huawei.build.display.id	第一方/不能拦	未判定	无已核实广告特征；静态字符串不能证明是广告或可拦截	classes2.dex:string@59219
ro.hw.country	第一方/不能拦	未判定	无已核实广告特征；静态字符串不能证明是广告或可拦截	classes2.dex:string@33193
ro.miui.internal.storage	第一方/不能拦	未判定	无已核实广告特征；静态字符串不能证明是广告或可拦截	classes4.dex:string@64037
ro.miui.ui.version.name	第一方/不能拦	未判定	无已核实广告特征；静态字符串不能证明是广告或可拦截	classes2.dex:string@59224
ro.newbee.channel	第一方/不能拦	未判定	无已核实广告特征；静态字符串不能证明是广告或可拦截	classes4.dex:string@64041
ro.product.name	第一方/不能拦	未判定	无已核实广告特征；静态字符串不能证明是广告或可拦截	classes6.dex:string@73737
ro.secure	第一方/不能拦	未判定	无已核实广告特征；静态字符串不能证明是广告或可拦截	classes.dex:string@56580
ro.shendu.author	第一方/不能拦	未判定	无已核实广告特征；静态字符串不能证明是广告或可拦截	classes4.dex:string@64054
ro.vivo.internet.name	第一方/不能拦	未判定	无已核实广告特征；静态字符串不能证明是广告或可拦截	classes11.dex:string@39870
ro.vivo.market.name	第一方/不能拦	未判定	无已核实广告特征；静态字符串不能证明是广告或可拦截	classes11.dex:string@39871
ro.vivo.os.build.display.id	第一方/不能拦	未判定	无已核实广告特征；静态字符串不能证明是广告或可拦截	classes4.dex:string@64058
ro.vivo.os.name	第一方/不能拦	未判定	无已核实广告特征；静态字符串不能证明是广告或可拦截	classes11.dex:string@28982
rtapplog.snssdk.com	第一方/不能拦	未判定	无已核实广告特征；静态字符串不能证明是广告或可拦截	classes8.dex:string@38118
rtlog.snssdk.com	第一方/不能拦	未判定	无已核实广告特征；静态字符串不能证明是广告或可拦截	classes8.dex:string@38119
ru.app.chat.global.xiaomi.net	第一方/不能拦	未判定	无已核实广告特征；静态字符串不能证明是广告或可拦截	classes4.dex:string@64328
ru.register.xmpush.global.xiaomi.com	第一方/不能拦	未判定	无已核实广告特征；静态字符串不能证明是广告或可拦截	classes4.dex:string@47002
rule.alibaba.com	第一方/不能拦	未判定	无已核实广告特征；静态字符串不能证明是广告或可拦截	classes.dex:string@43272
rule.host	第一方/不能拦	未判定	无已核实广告特征；静态字符串不能证明是广告或可拦截	classes4.dex:string@34570
s-adashx.ut.taobao.com	第一方/不能拦	未判定	无已核实广告特征；静态字符串不能证明是广告或可拦截	classes5.dex:string@41458
s.click.taobao.com	第一方/不能拦	未判定	无已核实广告特征；静态字符串不能证明是广告或可拦截	classes3.dex:string@51624
s.click.tmall.com	第一方/不能拦	未判定	无已核实广告特征；静态字符串不能证明是广告或可拦截	classes9.dex:string@24672
s.flyfinger.com	第一方/不能拦	未判定	无已核实广告特征；静态字符串不能证明是广告或可拦截	classes4.dex:string@1424
s.m.taobao.com	第一方/不能拦	未判定	无已核实广告特征；静态字符串不能证明是广告或可拦截	classes.dex:string@43214
s.mi1.cc	第一方/不能拦	未判定	无已核实广告特征；静态字符串不能证明是广告或可拦截	classes4.dex:string@64385
s.so	第一方/不能拦	未判定	无已核实广告特征；静态字符串不能证明是广告或可拦截	classes4.dex:string@63822
s.tb.cn	第一方/不能拦	未判定	无已核实广告特征；静态字符串不能证明是广告或可拦截	classes6.dex:string@74169
safeguard.info	第一方/不能拦	未判定	无已核实广告特征；静态字符串不能证明是广告或可拦截	classes6.dex:string@74363
sandbox.xmpush.xiaomi.com	第一方/不能拦	未判定	无已核实广告特征；静态字符串不能证明是广告或可拦截	classes4.dex:string@64555
scan.scot	第一方/不能拦	未判定	无已核实广告特征；静态字符串不能证明是广告或可拦截	classes7.dex:string@82397
scc.bytedance.com	第一方/不能拦	未判定	无已核实广告特征；静态字符串不能证明是广告或可拦截	classes9.dex:string@48648
schemas.android.com	第一方/不能拦	未判定	无已核实广告特征；静态字符串不能证明是广告或可拦截	classes.dex:string@43215
scope.camera	第一方/不能拦	未判定	无已核实广告特征；静态字符串不能证明是广告或可拦截	classes6.dex:string@74753
scope.contact	第一方/不能拦	未判定	无已核实广告特征；静态字符串不能证明是广告或可拦截	classes6.dex:string@74755
sdk-demo.1rtb.net	确认广告域名	美数	精确主机 sdk-demo.1rtb.net；网盘 classes28.dex 的 com/meishu/sdk/core/{AdSdk,loader/c,exception/a,uri/a,utils/r0} 的 const-string	classes11.dex:string@30616
sdk-report.1rtb.com	确认广告域名	美数	精确主机 sdk-report.1rtb.com；网盘 classes28.dex 的 com/meishu/sdk/core/{AdSdk,loader/c,exception/a,uri/a,utils/r0} 的 const-string	classes11.dex:string@30617
sdk.1rtb.net	确认广告域名	美数	精确主机 sdk.1rtb.net；网盘 classes28.dex 的 com/meishu/sdk/core/{AdSdk,loader/c,exception/a,uri/a,utils/r0} 的 const-string	classes11.dex:string@30608
serverclock.now	第一方/不能拦	未判定	无已核实广告特征；静态字符串不能证明是广告或可拦截	classes6.dex:string@29304
service.weibo.com	第一方/不能拦	未判定	无已核实广告特征；静态字符串不能证明是广告或可拦截	classes13.dex:string@41417
serviceclz.name	第一方/不能拦	未判定	无已核实广告特征；静态字符串不能证明是广告或可拦截	classes5.dex:string@24166
setting.info	第一方/不能拦	未判定	无已核实广告特征；静态字符串不能证明是广告或可拦截	classes8.dex:string@52985
sf1-amtos-cdn.bytesmanager.com	第一方/不能拦	未判定	无已核实广告特征；静态字符串不能证明是广告或可拦截	classes8.dex:string@38120
sf3-fe-tos.pglstatp-toutiao.com	确认广告域名	穿山甲/字节广告	专用域后缀 pglstatp-toutiao.com；core-rules/PLAN.md Task 3、standard_domains.txt 的 AD_SDK 种子	classes8.dex:string@38121
sf6-ttcdn-tos.pstatp.com	第一方/不能拦	未判定	无已核实广告特征；静态字符串不能证明是广告或可拦截	classes13.dex:string@41419
sharedpreferencesfile.name	第一方/不能拦	未判定	无已核实广告特征；静态字符串不能证明是广告或可拦截	classes5.dex:string@43038
shop.m.taobao.com	第一方/不能拦	未判定	无已核实广告特征；静态字符串不能证明是广告或可拦截	classes.dex:string@43216
simba.taobao.com	第一方/不能拦	未判定	无已核实广告特征；静态字符串不能证明是广告或可拦截	classes9.dex:string@24679
sina.cn	第一方/不能拦	未判定	无已核实广告特征；静态字符串不能证明是广告或可拦截	classes4.dex:string@72965
sm.cn	第一方/不能拦	未判定	无已核实广告特征；静态字符串不能证明是广告或可拦截	classes4.dex:string@1424
so.version.so	第一方/不能拦	未判定	无已核实广告特征；静态字符串不能证明是广告或可拦截	classes6.dex:string@79033
songzhaopian.com	第一方/不能拦	未判定	无已核实广告特征；静态字符串不能证明是广告或可拦截	classes2.dex:string@23129
spider-tracker.xiaohongshu.com	第一方/不能拦	未判定	无已核实广告特征；静态字符串不能证明是广告或可拦截	classes4.dex:string@47003
ssp.iytcdn.com	第一方/不能拦	未判定	无已核实广告特征；静态字符串不能证明是广告或可拦截	classes5.dex:string@43306
starthookbundlepreload.ir	第一方/不能拦	未判定	无已核实广告特征；静态字符串不能证明是广告或可拦截	classes7.dex:string@87710
state.play	第一方/不能拦	未判定	无已核实广告特征；静态字符串不能证明是广告或可拦截	classes7.dex:string@30557
store.steampowered.com	第一方/不能拦	未判定	无已核实广告特征；静态字符串不能证明是广告或可拦截	classes4.dex:string@1424
stream.read	第一方/不能拦	未判定	无已核实广告特征；静态字符串不能证明是广告或可拦截	classes2.dex:string@41829
subdescriptor.name	第一方/不能拦	未判定	无已核实广告特征；静态字符串不能证明是广告或可拦截	classes3.dex:string@54047
succeed.property	第一方/不能拦	未判定	无已核实广告特征；静态字符串不能证明是广告或可拦截	classes3.dex:string@21774
success.ctobsnssdk.com	第一方/不能拦	未判定	无已核实广告特征；静态字符串不能证明是广告或可拦截	classes8.dex:string@38132
sudiyi.cn	第一方/不能拦	未判定	无已核实广告特征；静态字符串不能证明是广告或可拦截	classes10.dex:string@17516
summary.graphics	第一方/不能拦	未判定	无已核实广告特征；静态字符串不能证明是广告或可拦截	classes3.dex:string@54151
superclz.name	第一方/不能拦	未判定	无已核实广告特征；静态字符串不能证明是广告或可拦截	classes9.dex:string@66568
supportocr.black	第一方/不能拦	未判定	无已核实广告特征；静态字符串不能证明是广告或可拦截	classes8.dex:string@54290
t.alipayobjects.com	第一方/不能拦	未判定	无已核实广告特征；静态字符串不能证明是广告或可拦截	classes6.dex:string@80387
t.data	第一方/不能拦	未判定	无已核实广告特征；静态字符串不能证明是广告或可拦截	classes13.dex:string@61419
t.id	第一方/不能拦	未判定	无已核实广告特征；静态字符串不能证明是广告或可拦截	classes13.dex:string@61419
tanx.com	第一方/不能拦	未判定	无已核实广告特征；静态字符串不能证明是广告或可拦截	classes10.dex:string@47964
taobao.com	第一方/不能拦	未判定	无已核实广告特征；静态字符串不能证明是广告或可拦截	classes.dex:string@983
target.java	第一方/不能拦	未判定	无已核实广告特征；静态字符串不能证明是广告或可拦截	classes6.dex:string@80777
tauth.qq.com	第一方/不能拦	未判定	无已核实广告特征；静态字符串不能证明是广告或可拦截	classes4.dex:string@31304
tb.cn	第一方/不能拦	未判定	无已核实广告特征；静态字符串不能证明是广告或可拦截	classes4.dex:string@46929
tb.com	第一方/不能拦	未判定	无已核实广告特征；静态字符串不能证明是广告或可拦截	classes2.dex:string@46804
tb.ele.me	第一方/不能拦	未判定	无已核实广告特征；静态字符串不能证明是广告或可拦截	classes7.dex:string@59089
tdialog.show	第一方/不能拦	未判定	无已核实广告特征；静态字符串不能证明是广告或可拦截	classes4.dex:string@760
templateitem.name	第一方/不能拦	未判定	无已核实广告特征；静态字符串不能证明是广告或可拦截	classes2.dex:string@63755
terrainstyle.data	第一方/不能拦	未判定	无已核实广告特征；静态字符串不能证明是广告或可拦截	classes8.dex:string@44073
test-activity-quark.alibaba.net	第一方/不能拦	未判定	无已核实广告特征；静态字符串不能证明是广告或可拦截	classes4.dex:string@1424
test-sm-quark-vt.alibaba.net	第一方/不能拦	未判定	无已核实广告特征；静态字符串不能证明是广告或可拦截	classes4.dex:string@1424
test.alipay.net	第一方/不能拦	未判定	无已核实广告特征；静态字符串不能证明是广告或可拦截	classes7.dex:string@89372
test.openmobile.qq.com	第一方/不能拦	未判定	无已核实广告特征；静态字符串不能证明是广告或可拦截	classes4.dex:string@69055
test.xquic.com	第一方/不能拦	未判定	无已核实广告特征；静态字符串不能证明是广告或可拦截	classes5.dex:string@43810
testmobile.qq.com	第一方/不能拦	未判定	无已核实广告特征；静态字符串不能证明是广告或可拦截	classes4.dex:string@69070
tfs.alipayobjects.com	第一方/不能拦	未判定	无已核实广告特征；静态字符串不能证明是广告或可拦截	classes6.dex:string@81053
tfsimg.alipay.com	第一方/不能拦	未判定	无已核实广告特征；静态字符串不能证明是广告或可拦截	classes7.dex:string@89499
theme.zip	第一方/不能拦	未判定	无已核实广告特征；静态字符串不能证明是广告或可拦截	classes9.dex:string@67231
this.javaclass.name	第一方/不能拦	未判定	无已核实广告特征；静态字符串不能证明是广告或可拦截	classes2.dex:string@48137
this.name	第一方/不能拦	未判定	无已核实广告特征；静态字符串不能证明是广告或可拦截	classes13.dex:string@61419
threadcheckrunner.run	第一方/不能拦	未判定	无已核实广告特征；静态字符串不能证明是广告或可拦截	classes7.dex:string@32878
timgsa.baidu.com	第一方/不能拦	百度第一方/共享服务	受保护主域；可能用于登录、网盘、下载或共享存储，不能整域拦截	classes7.dex:string@61785
tls-cainiao.dingtalk.com	第一方/不能拦	未判定	无已核实广告特征；静态字符串不能证明是广告或可拦截	classes2.dex:string@64290
tm.m.taobao.com	第一方/不能拦	未判定	无已核实广告特征；静态字符串不能证明是广告或可拦截	classes12.dex:string@24057
tmall.com	第一方/不能拦	未判定	无已核实广告特征；静态字符串不能证明是广告或可拦截	classes2.dex:string@46805
tmall.hk	第一方/不能拦	未判定	无已核实广告特征；静态字符串不能证明是广告或可拦截	classes7.dex:string@90093
tnc3-aliec2.zijieapi.com	第一方/不能拦	未判定	无已核实广告特征；静态字符串不能证明是广告或可拦截	classes8.dex:string@55249
tnc3-alisc1.zijieapi.com	第一方/不能拦	未判定	无已核实广告特征；静态字符串不能证明是广告或可拦截	classes8.dex:string@55250
tnc3-bjlgy.zijieapi.com	第一方/不能拦	未判定	无已核实广告特征；静态字符串不能证明是广告或可拦截	classes8.dex:string@55251
to.taobao.com	第一方/不能拦	未判定	无已核实广告特征；静态字符串不能证明是广告或可拦截	classes4.dex:string@46934
tobapplog.ctobsnssdk.com	第一方/不能拦	未判定	无已核实广告特征；静态字符串不能证明是广告或可拦截	classes8.dex:string@38133
toblog.ctobsnssdk.com	第一方/不能拦	未判定	无已核实广告特征；静态字符串不能证明是广告或可拦截	classes8.dex:string@38134
trade-acs.m.taobao.com	第一方/不能拦	未判定	无已核实广告特征；静态字符串不能证明是广告或可拦截	classes.dex:string@62397
trade-acs.wapa.taobao.com	第一方/不能拦	未判定	无已核实广告特征；静态字符串不能证明是广告或可拦截	classes3.dex:string@55361
trade-acs.waptest.taobao.com	第一方/不能拦	未判定	无已核实广告特征；静态字符串不能证明是广告或可拦截	classes3.dex:string@55362
trade.taobao.com	第一方/不能拦	未判定	无已核实广告特征；静态字符串不能证明是广告或可拦截	classes.dex:string@43219
ttplayerconfigure.java	第一方/不能拦	未判定	无已核实广告特征；静态字符串不能证明是广告或可拦截	classes8.dex:string@2257
tukaani.org	第一方/不能拦	未判定	无已核实广告特征；静态字符串不能证明是广告或可拦截	classes5.dex:string@32141
tv.cctv.com	第一方/不能拦	未判定	无已核实广告特征；静态字符串不能证明是广告或可拦截	classes4.dex:string@1424
twebgwnet.alipay.com	第一方/不能拦	未判定	无已核实广告特征；静态字符串不能证明是广告或可拦截	classes6.dex:string@56649
twebgwnet.run.alipay.net	第一方/不能拦	未判定	无已核实广告特征；静态字符串不能证明是广告或可拦截	classes6.dex:string@56650
type.name	第一方/不能拦	未判定	无已核实广告特征；静态字符串不能证明是广告或可拦截	classes13.dex:string@41961
typeparameter.name	第一方/不能拦	未判定	无已核实广告特征；静态字符串不能证明是广告或可拦截	classes3.dex:string@56008
typevariable.name	第一方/不能拦	未判定	无已核实广告特征；静态字符串不能证明是广告或可拦截	classes3.dex:string@17481
u.uc123.com	第一方/不能拦	未判定	无已核实广告特征；静态字符串不能证明是广告或可拦截	classes7.dex:string@91341
u.ucfly.com	第一方/不能拦	未判定	无已核实广告特征；静态字符串不能证明是广告或可拦截	classes7.dex:string@91342
uaction.alicdn.com	第一方/不能拦	未判定	无已核实广告特征；静态字符串不能证明是广告或可拦截	classes4.dex:string@70924
uapi.apk.vmate.in	第一方/不能拦	未判定	无已核实广告特征；静态字符串不能证明是广告或可拦截	classes4.dex:string@1424
uc.ucweb.com	第一方/不能拦	未判定	无已核实广告特征；静态字符串不能证明是广告或可拦截	classes7.dex:string@91371
uclibs.zip	第一方/不能拦	未判定	无已核实广告特征；静态字符串不能证明是广告或可拦截	classes.dex:string@62748
udf.zip	第一方/不能拦	未判定	无已核实广告特征；静态字符串不能证明是广告或可拦截	classes4.dex:string@71066
udian.cn	第一方/不能拦	未判定	无已核实广告特征；静态字符串不能证明是广告或可拦截	classes4.dex:string@1424
umdc.alibabachengdun.com	第一方/不能拦	未判定	无已核实广告特征；静态字符串不能证明是广告或可拦截	classes6.dex:string@56651
up-daily.django.alibaba.net	第一方/不能拦	未判定	无已核实广告特征；静态字符串不能证明是广告或可拦截	classes6.dex:string@83403
up-mayi.django.t.taobao.com	第一方/不能拦	未判定	无已核实广告特征；静态字符串不能证明是广告或可拦截	classes6.dex:string@36159
up-prepub.django.t.taobao.com	第一方/不能拦	未判定	无已核实广告特征；静态字符串不能证明是广告或可拦截	classes6.dex:string@83405
up.django.t.taobao.com	第一方/不能拦	未判定	无已核实广告特征；静态字符串不能证明是广告或可拦截	classes7.dex:string@91899
up4-intl.ucweb.com	第一方/不能拦	未判定	无已核实广告特征；静态字符串不能证明是广告或可拦截	classes4.dex:string@47005
up4.ucweb.com	第一方/不能拦	未判定	无已核实广告特征；静态字符串不能证明是广告或可拦截	classes4.dex:string@47006
upgradedto.link	第一方/不能拦	未判定	无已核实广告特征；静态字符串不能证明是广告或可拦截	classes12.dex:string@69053
uploadintervaltask.run	第一方/不能拦	未判定	无已核实广告特征；静态字符串不能证明是广告或可拦截	classes6.dex:string@31836
ups.youku.com	第一方/不能拦	未判定	无已核实广告特征；静态字符串不能证明是广告或可拦截	classes6.dex:string@56652
ur.alipay.com	第一方/不能拦	未判定	无已核实广告特征；静态字符串不能证明是广告或可拦截	classes7.dex:string@1725
us.ynuf.aliapp.org	第一方/不能拦	未判定	无已核实广告特征；静态字符串不能证明是广告或可拦截	classes4.dex:string@71856
user.name	第一方/不能拦	未判定	无已核实广告特征；静态字符串不能证明是广告或可拦截	classes5.dex:string@44569
usertrack.alibaba-inc.com	第一方/不能拦	未判定	无已核实广告特征；静态字符串不能证明是广告或可拦截	classes6.dex:string@56581
v6-adashx.ut.cainiao.com	第一方/不能拦	未判定	无已核实广告特征；静态字符串不能证明是广告或可拦截	classes10.dex:string@50233
v6-adashx.ut.taobao.com	第一方/不能拦	未判定	无已核实广告特征；静态字符串不能证明是广告或可拦截	classes5.dex:string@44629
valueparameter.name	第一方/不能拦	未判定	无已核实广告特征；静态字符串不能证明是广告或可拦截	classes13.dex:string@61410
verify.cmpassport.com	第一方/不能拦	未判定	无已核实广告特征；静态字符串不能证明是广告或可拦截	classes13.dex:string@41421
videoinfo.stream	第一方/不能拦	未判定	无已核实广告特征；静态字符串不能证明是广告或可拦截	classes6.dex:string@32622
vmate.in	第一方/不能拦	未判定	无已核实广告特征；静态字符串不能证明是广告或可拦截	classes4.dex:string@1424
vt.sm.cn	第一方/不能拦	未判定	无已核实广告特征；静态字符串不能证明是广告或可拦截	classes4.dex:string@1424
wap.amap.com	第一方/不能拦	未判定	无已核实广告特征；静态字符串不能证明是广告或可拦截	classes7.dex:string@61667
wap.cmpassport.com	第一方/不能拦	未判定	无已核实广告特征；静态字符串不能证明是广告或可拦截	classes12.dex:string@50287
wap.guoguo-app.com	第一方/不能拦	未判定	无已核实广告特征；静态字符串不能证明是广告或可拦截	classes4.dex:string@46935
wapcashier.alipay.com	第一方/不能拦	未判定	无已核实广告特征；静态字符串不能证明是广告或可拦截	classes7.dex:string@61789
wapcenter.stable.alipay.net	第一方/不能拦	未判定	无已核实广告特征；静态字符串不能证明是广告或可拦截	classes7.dex:string@61669
wapcenter.test.alipay.net	第一方/不能拦	未判定	无已核实广告特征；静态字符串不能证明是广告或可拦截	classes7.dex:string@61670
wapp.m.taobao.com	第一方/不能拦	未判定	无已核实广告特征；静态字符串不能证明是广告或可拦截	classes.dex:string@43220
wapp.wapa.taobao.com	第一方/不能拦	未判定	无已核实广告特征；静态字符串不能证明是广告或可拦截	classes.dex:string@43221
wapp.waptest.taobao.com	第一方/不能拦	未判定	无已核实广告特征；静态字符串不能证明是广告或可拦截	classes.dex:string@43222
wappaygw.alipay.com	第一方/不能拦	未判定	无已核实广告特征；静态字符串不能证明是广告或可拦截	classes7.dex:string@1900
wb.amap.com	第一方/不能拦	未判定	无已核实广告特征；静态字符串不能证明是广告或可拦截	classes8.dex:string@38063
wcc-ml-test10.bj	第一方/不能拦	未判定	无已核实广告特征；静态字符串不能证明是广告或可拦截	classes4.dex:string@72684
web.m.taobao.com	第一方/不能拦	未判定	无已核实广告特征；静态字符串不能证明是广告或可拦截	classes12.dex:string@24059
webpresence.qq.com	第一方/不能拦	未判定	无已核实广告特征；静态字符串不能证明是广告或可拦截	classes4.dex:string@46936
weibo.com	第一方/不能拦	未判定	无已核实广告特征；静态字符串不能证明是广告或可拦截	classes4.dex:string@72965
weightmap.vivo	第一方/不能拦	未判定	无已核实广告特征；静态字符串不能证明是广告或可拦截	classes11.dex:string@46511
whoami.akamai.net	第一方/不能拦	未判定	无已核实广告特征；静态字符串不能证明是广告或可拦截	classes8.dex:string@57764
wkc.cabplink.com	第一方/不能拦	未判定	无已核实广告特征；静态字符串不能证明是广告或可拦截	classes4.dex:string@1424
woodpecker.uc.cn	第一方/不能拦	未判定	无已核实广告特征；静态字符串不能证明是广告或可拦截	classes4.dex:string@47007
world.data	第一方/不能拦	未判定	无已核实广告特征；静态字符串不能证明是广告或可拦截	classes6.dex:string@3512
wpk-auth.ucweb.com	第一方/不能拦	未判定	无已核实广告特征；静态字符串不能证明是广告或可拦截	classes4.dex:string@47008
wspeed.qq.com	第一方/不能拦	未判定	无已核实广告特征；静态字符串不能证明是广告或可拦截	classes4.dex:string@46937
wuliu.taobao.com	第一方/不能拦	未判定	无已核实广告特征；静态字符串不能证明是广告或可拦截	classes10.dex:string@50973
wwc.alicdn.com	第一方/不能拦	未判定	无已核实广告特征；静态字符串不能证明是广告或可拦截	classes4.dex:string@72963
wwc.taobaocdn.com	第一方/不能拦	未判定	无已核实广告特征；静态字符串不能证明是广告或可拦截	classes5.dex:string@31717
www.123.cainiao.com	第一方/不能拦	未判定	无已核实广告特征；静态字符串不能证明是广告或可拦截	classes2.dex:string@46806
www.1tv.com	第一方/不能拦	未判定	无已核实广告特征；静态字符串不能证明是广告或可拦截	classes4.dex:string@1424
www.51cg3.com	第一方/不能拦	未判定	无已核实广告特征；静态字符串不能证明是广告或可拦截	classes4.dex:string@72965
www.51cg7.com	第一方/不能拦	未判定	无已核实广告特征；静态字符串不能证明是广告或可拦截	classes4.dex:string@72965
www.alibabagroup.com	第一方/不能拦	未判定	无已核实广告特征；静态字符串不能证明是广告或可拦截	classes4.dex:string@1424
www.alipay.com	第一方/不能拦	未判定	无已核实广告特征；静态字符串不能证明是广告或可拦截	classes.dex:string@43275
www.android.com	第一方/不能拦	未判定	无已核实广告特征；静态字符串不能证明是广告或可拦截	classes2.dex:string@46808
www.apple.com.cn	第一方/不能拦	未判定	无已核实广告特征；静态字符串不能证明是广告或可拦截	classes4.dex:string@1424
www.archermind.com	第一方/不能拦	未判定	无已核实广告特征；静态字符串不能证明是广告或可拦截	classes4.dex:string@1424
www.baidu.com	第一方/不能拦	百度第一方/共享服务	受保护主域；可能用于登录、网盘、下载或共享存储，不能整域拦截	classes4.dex:string@72966
www.beijing2022.cn	第一方/不能拦	未判定	无已核实广告特征；静态字符串不能证明是广告或可拦截	classes4.dex:string@1424
www.cainiao.com	第一方/不能拦	未判定	无已核实广告特征；静态字符串不能证明是广告或可拦截	classes5.dex:string@31718
www.chengzijianzhan.com	第一方/不能拦	未判定	无已核实广告特征；静态字符串不能证明是广告或可拦截	classes13.dex:string@2214
www.csjplatform.com	第一方/不能拦	未判定	无已核实广告特征；静态字符串不能证明是广告或可拦截	classes8.dex:string@58775
www.epicgames.com	第一方/不能拦	未判定	无已核实广告特征；静态字符串不能证明是广告或可拦截	classes4.dex:string@1424
www.jivesoftware.com	第一方/不能拦	未判定	无已核实广告特征；静态字符串不能证明是广告或可拦截	classes4.dex:string@5030
www.linkedin.com	第一方/不能拦	未判定	无已核实广告特征；静态字符串不能证明是广告或可拦截	classes4.dex:string@1424
www.myapp.com	第一方/不能拦	未判定	无已核实广告特征；静态字符串不能证明是广告或可拦截	classes4.dex:string@46938
www.pangle.cn	第一方/不能拦	未判定	无已核实广告特征；静态字符串不能证明是广告或可拦截	classes9.dex:string@48652
www.samsung.com	第一方/不能拦	未判定	无已核实广告特征；静态字符串不能证明是广告或可拦截	classes4.dex:string@1424
www.samsungapps.com	第一方/不能拦	未判定	无已核实广告特征；静态字符串不能证明是广告或可拦截	classes13.dex:string@41422
www.sj88.com	第一方/不能拦	未判定	无已核实广告特征；静态字符串不能证明是广告或可拦截	classes6.dex:string@56582
www.taobao.com	第一方/不能拦	未判定	无已核实广告特征；静态字符串不能证明是广告或可拦截	classes.dex:string@43223
www.teamexos.com	第一方/不能拦	未判定	无已核实广告特征；静态字符串不能证明是广告或可拦截	classes4.dex:string@1424
www.tmall.com	第一方/不能拦	未判定	无已核实广告特征；静态字符串不能证明是广告或可拦截	classes2.dex:string@46810
www.toutiaopage.com	第一方/不能拦	未判定	无已核实广告特征；静态字符串不能证明是广告或可拦截	classes13.dex:string@2214
www.w3.org	第一方/不能拦	未判定	无已核实广告特征；静态字符串不能证明是广告或可拦截	classes9.dex:string@48551
www.xiaoe-tech.com	第一方/不能拦	未判定	无已核实广告特征；静态字符串不能证明是广告或可拦截	classes4.dex:string@1424
www.xiaohongshu.com	第一方/不能拦	未判定	无已核实广告特征；静态字符串不能证明是广告或可拦截	classes4.dex:string@47010
www.yufu5.com	第一方/不能拦	未判定	无已核实广告特征；静态字符串不能证明是广告或可拦截	classes4.dex:string@1424
xhmpaasgw.mybank.cn	第一方/不能拦	未判定	无已核实广告特征；静态字符串不能证明是广告或可拦截	classes6.dex:string@56655
xiaoeknow.com	第一方/不能拦	未判定	无已核实广告特征；静态字符串不能证明是广告或可拦截	classes4.dex:string@1424
xiaomi.com	第一方/不能拦	未判定	无已核实广告特征；静态字符串不能证明是广告或可拦截	classes4.dex:string@73069
xml.org	第一方/不能拦	未判定	无已核实广告特征；静态字符串不能证明是广告或可拦截	classes5.dex:string@31719
xmlpull.org	第一方/不能拦	未判定	无已核实广告特征；静态字符串不能证明是广告或可拦截	classes4.dex:string@46939
xw.qq.com	第一方/不能拦	未判定	无已核实广告特征；静态字符串不能证明是广告或可拦截	classes4.dex:string@72965
yida.alibaba-inc.com	第一方/不能拦	未判定	无已核实广告特征；静态字符串不能证明是广告或可拦截	classes12.dex:string@50290
ymobile-cn.ankerjiedian.com	第一方/不能拦	未判定	无已核实广告特征；静态字符串不能证明是广告或可拦截	classes7.dex:string@94270
ynuf.aliapp.org	第一方/不能拦	未判定	无已核实广告特征；静态字符串不能证明是广告或可拦截	classes4.dex:string@73175
youku.com	第一方/不能拦	未判定	无已核实广告特征；静态字符串不能证明是广告或可拦截	classes4.dex:string@1424
yun-gui.com	第一方/不能拦	未判定	无已核实广告特征；静态字符串不能证明是广告或可拦截	classes10.dex:string@17516
yuntuapi.amap.com	第一方/不能拦	未判定	无已核实广告特征；静态字符串不能证明是广告或可拦截	classes8.dex:string@38069
yuque.antfin-inc.com	第一方/不能拦	未判定	无已核实广告特征；静态字符串不能证明是广告或可拦截	classes6.dex:string@56656
yxy003.com	第一方/不能拦	未判定	无已核实广告特征；静态字符串不能证明是广告或可拦截	classes4.dex:string@72965
zng.parcelcube.cn	第一方/不能拦	未判定	无已核实广告特征；静态字符串不能证明是广告或可拦截	classes10.dex:string@17516
zos.alipayobjects.com	第一方/不能拦	未判定	无已核实广告特征；静态字符串不能证明是广告或可拦截	classes6.dex:string@85910
zstd.data	第一方/不能拦	未判定	无已核实广告特征；静态字符串不能证明是广告或可拦截	classes6.dex:string@85919
zte.com.market	第一方/不能拦	未判定	无已核实广告特征；静态字符串不能证明是广告或可拦截	classes9.dex:string@70818
